pageid	qid
root	Q4
1271090	Q5
63804	Q7
1031441	Q8
334626	Q9
720864	Q10
720875	Q11
1108981	Q12
106078	Q13
1052878	Q14
225122	Q15
142816	Q16
743757	Q17
62460	Q18
585981	Q19
580292	Q20
644272	Q21
107913	Q22
301083	Q23
289381	Q24
1240343	Q25
99545	Q26
140627	Q27
93936	Q28
434521	Q29
1184644	Q30
211820	Q31
897130	Q32
225211	Q33
1045769	Q34
328190	Q35
40204	Q36
961179	Q37
668439	Q38
18729	Q39
81496	Q40
49993	Q41
1052932	Q42
894984	Q43
49989	Q44
730231	Q45
57438	Q46
1204604	Q47
102520	Q48
975930	Q49
932908	Q50
190220	Q51
300229	Q52
239092	Q53
582886	Q54
149325	Q55
932909	Q56
374090	Q57
1031435	Q58
1189880	Q59
585985	Q60
142842	Q61
339892	Q62
143861	Q63
1031433	Q64
645666	Q65
719941	Q66
292132	Q67
1017390	Q68
378053	Q69
9624	Q70
934261	Q71
720936	Q72
1179129	Q73
482886	Q74
841086	Q75
1175255	Q76
909140	Q77
1243928	Q78
908014	Q79
895202	Q80
1179128	Q81
909139	Q82
840355	Q83
1243927	Q84
908013	Q85
105855	Q86
590053	Q87
161441	Q88
894927	Q89
1261377	Q90
578883	Q91
292300	Q92
1263005	Q93
573856	Q94
227070	Q95
1242016	Q96
732674	Q97
5798	Q98
292305	Q99
336376	Q100
998526	Q101
1088076	Q102
984095	Q103
134317	Q104
651972	Q105
588132	Q106
590052	Q107
143586	Q108
1041260	Q109
1097925	Q110
44490	Q111
669630	Q112
340150	Q113
985640	Q114
292298	Q115
482244	Q116
654106	Q117
482252	Q118
482247	Q119
615396	Q120
944393	Q121
151414	Q122
117652	Q123
745515	Q124
515818	Q125
590057	Q126
230126	Q127
582173	Q128
151102	Q129
143990	Q130
8621	Q131
230786	Q132
225964	Q133
24802	Q134
105945	Q135
6563	Q136
375555	Q137
675077	Q138
341194	Q139
148344	Q140
159065	Q141
622710	Q142
341245	Q143
590061	Q144
631994	Q145
114402	Q146
893826	Q147
341195	Q148
231965	Q149
751354	Q150
596483	Q151
239732	Q152
146579	Q153
341253	Q154
1140867	Q155
141781	Q156
894287	Q157
596079	Q158
566077	Q159
126909	Q160
585995	Q161
585982	Q162
140165	Q163
1253381	Q164
374185	Q165
230177	Q166
7529	Q167
49350	Q168
365810	Q169
157029	Q170
646406	Q171
654031	Q172
652119	Q173
644273	Q174
644271	Q175
86833	Q176
68935	Q177
89012	Q178
226837	Q179
292634	Q180
482248	Q181
107912	Q182
301190	Q183
301191	Q184
301082	Q185
301181	Q186
646836	Q187
301188	Q188
579961	Q189
16421	Q190
573808	Q191
573798	Q192
434970	Q193
591096	Q194
375887	Q195
573801	Q196
648261	Q197
573806	Q198
238088	Q199
602348	Q200
384889	Q201
1088715	Q202
140632	Q203
987108	Q204
160968	Q205
1009853	Q206
602403	Q207
720828	Q208
568120	Q209
977253	Q210
621647	Q211
972388	Q212
725234	Q213
601829	Q214
723313	Q215
4201	Q216
669973	Q217
590048	Q218
590049	Q219
590051	Q220
669874	Q221
54559	Q222
54548	Q223
53660	Q224
656080	Q225
301306	Q226
301311	Q227
100978	Q228
301319	Q229
142849	Q230
144754	Q231
1184625	Q232
1221820	Q233
1002874	Q234
670880	Q235
850014	Q236
540873	Q237
342970	Q238
665349	Q239
164989	Q240
1109664	Q241
366607	Q242
616937	Q243
580838	Q244
1238980	Q245
366659	Q246
1255776	Q247
897129	Q248
142271	Q249
726769	Q250
100936	Q251
142321	Q252
224425	Q253
1031443	Q254
340152	Q255
582752	Q256
144018	Q257
717117	Q258
932868	Q259
328192	Q260
139132	Q261
932881	Q262
932890	Q263
328196	Q264
1026114	Q265
932906	Q266
595576	Q267
887165	Q268
328191	Q269
328193	Q270
932907	Q271
1261686	Q272
328194	Q273
342561	Q274
668516	Q275
1098870	Q276
139144	Q277
668522	Q278
328195	Q279
505803	Q280
668487	Q281
140852	Q282
61540	Q283
670881	Q284
7030	Q285
140931	Q286
731638	Q287
69469	Q288
21844	Q289
147361	Q290
149834	Q291
132361	Q292
116565	Q293
155662	Q294
230317	Q295
946627	Q296
1171296	Q297
156168	Q298
1053286	Q299
6731	Q300
142904	Q301
224312	Q302
238407	Q303
481731	Q304
286071	Q305
238770	Q306
238758	Q307
342424	Q308
339167	Q309
335270	Q310
1233299	Q311
894909	Q312
1060004	Q313
138482	Q314
596711	Q315
138481	Q316
433165	Q317
619176	Q318
141866	Q319
844727	Q320
302691	Q321
301078	Q322
143720	Q323
300761	Q324
737812	Q325
238820	Q326
380714	Q327
1072920	Q328
900214	Q329
138395	Q330
1197291	Q331
237797	Q332
894897	Q333
160478	Q334
509332	Q335
851377	Q336
1112655	Q337
1171271	Q338
1171270	Q339
1171269	Q340
1171272	Q341
854731	Q342
142616	Q343
984767	Q344
61772	Q345
292591	Q346
648117	Q347
292302	Q348
616922	Q349
104510	Q350
341244	Q351
479942	Q352
292629	Q353
541400	Q354
226840	Q355
574169	Q356
1270572	Q357
1204601	Q358
1035993	Q359
102577	Q360
1114343	Q361
932867	Q362
932588	Q363
1220030	Q364
932880	Q365
932889	Q366
1243206	Q367
1243274	Q368
1026113	Q369
1243272	Q370
932905	Q371
932637	Q372
932590	Q373
1243271	Q374
1243269	Q375
1243268	Q376
932809	Q377
1243275	Q378
1243215	Q379
1243277	Q380
1243276	Q381
1243273	Q382
1242909	Q383
1243270	Q384
1242910	Q385
1243190	Q386
901370	Q387
669507	Q388
723071	Q389
679159	Q390
979738	Q391
241587	Q392
1185788	Q393
653372	Q394
1141880	Q395
948072	Q396
593496	Q397
674478	Q398
644624	Q399
1065723	Q400
725244	Q401
940983	Q402
726253	Q403
329444	Q404
377775	Q405
733851	Q406
241521	Q407
369180	Q408
1040720	Q409
1038656	Q410
615225	Q411
390562	Q412
295232	Q413
162568	Q414
328197	Q415
1039216	Q416
231562	Q417
617122	Q418
142953	Q419
239810	Q420
225824	Q421
164848	Q422
615438	Q423
159612	Q424
289402	Q425
242501	Q426
521472	Q427
369179	Q428
892591	Q429
148931	Q430
143037	Q431
142954	Q432
142956	Q433
687330	Q434
971878	Q435
859648	Q436
162513	Q437
105082	Q438
1038219	Q439
1193554	Q440
967615	Q441
668570	Q442
146249	Q443
1038067	Q444
668520	Q445
885809	Q446
711624	Q447
668585	Q448
1060360	Q449
520876	Q450
898528	Q451
972061	Q452
225124	Q453
140421	Q454
841836	Q455
374089	Q456
1172869	Q457
375922	Q458
163656	Q459
645629	Q460
647201	Q461
573492	Q462
142937	Q463
243062	Q464
517746	Q465
226203	Q466
659851	Q467
574170	Q468
34055	Q469
742328	Q470
742327	Q471
744884	Q472
1112609	Q473
302097	Q474
144100	Q475
590058	Q476
144001	Q477
746935	Q478
735108	Q479
142943	Q480
227595	Q481
339891	Q482
1204605	Q483
944390	Q484
944376	Q485
229067	Q486
566076	Q487
143840	Q488
574171	Q489
143862	Q490
341101	Q491
143865	Q492
398542	Q493
143870	Q494
365301	Q495
399158	Q496
886356	Q497
944380	Q498
944384	Q499
944397	Q500
570722	Q501
398964	Q502
944394	Q503
1013064	Q504
587082	Q505
121030	Q506
618742	Q507
85608	Q508
648637	Q509
736789	Q510
295145	Q511
114656	Q512
146725	Q513
205349	Q514
654137	Q515
1265676	Q516
719942	Q517
645573	Q518
729086	Q519
908985	Q520
599580	Q521
147493	Q522
140650	Q523
1196553	Q524
82998	Q525
1172727	Q526
291996	Q527
1264610	Q528
1264608	Q529
1252152	Q530
892697	Q531
934260	Q532
720935	Q533
481923	Q534
934258	Q535
892695	Q536
1089302	Q537
892694	Q538
482209	Q539
481924	Q540
482881	Q541
892687	Q542
428658	Q543
934257	Q544
934259	Q545
1255313	Q546
1255314	Q547
720859	Q548
892696	Q549
968738	Q550
870641	Q551
892691	Q552
909141	Q553
570717	Q554
720873	Q555
1085885	Q556
738609	Q557
367686	Q558
367400	Q559
160869	Q560
388242	Q561
1252259	Q562
1192921	Q563
482793	Q564
1219993	Q565
578885	Q566
969228	Q567
970823	Q568
588858	Q569
150958	Q570
1219995	Q571
577727	Q572
577724	Q573
292299	Q574
1263004	Q575
686539	Q576
998154	Q577
669836	Q578
573848	Q579
573851	Q580
573854	Q581
227068	Q582
669835	Q583
1242014	Q584
1242015	Q585
732673	Q586
1194013	Q587
616918	Q588
1059954	Q589
149582	Q590
79672	Q591
11030	Q592
939101	Q593
616917	Q594
891009	Q595
1177258	Q596
939077	Q597
292304	Q598
733324	Q599
336375	Q600
1272843	Q601
143912	Q602
573855	Q603
1088075	Q604
143966	Q605
144937	Q606
142315	Q607
1034853	Q608
1236950	Q609
589736	Q610
669878	Q611
147439	Q612
22088	Q613
123487	Q614
142278	Q615
1078593	Q616
670096	Q617
670488	Q618
583768	Q619
143963	Q620
997824	Q621
145890	Q622
726089	Q623
1255315	Q624
983694	Q625
675100	Q626
143896	Q627
340153	Q628
145452	Q629
292297	Q630
1056286	Q631
242676	Q632
295738	Q633
482243	Q634
144000	Q635
482251	Q636
482246	Q637
292301	Q638
944392	Q639
1173815	Q640
82141	Q641
82165	Q642
111817	Q643
101338	Q644
111832	Q645
44489	Q646
111830	Q647
669506	Q648
669841	Q649
721175	Q650
686528	Q651
686599	Q652
669201	Q653
674309	Q654
1249279	Q655
1087092	Q656
674503	Q657
1097267	Q658
685644	Q659
859618	Q660
721176	Q661
744625	Q662
744502	Q663
744671	Q664
744593	Q665
744591	Q666
702399	Q667
686962	Q668
669067	Q669
378300	Q670
1086001	Q671
654105	Q672
686612	Q673
363338	Q674
286089	Q675
144568	Q676
645376	Q677
43322	Q678
482822	Q679
734728	Q680
670052	Q681
1238207	Q682
141679	Q683
1255310	Q684
582169	Q685
421186	Q686
1262312	Q687
984596	Q688
521320	Q689
521322	Q690
540632	Q691
143169	Q692
143101	Q693
76392	Q694
149087	Q695
62847	Q696
1171335	Q697
67692	Q698
149767	Q699
1133272	Q700
116974	Q701
1107680	Q702
328470	Q703
302062	Q704
19193	Q705
1070817	Q706
1088763	Q707
227372	Q708
163514	Q709
896759	Q710
10643	Q711
596861	Q712
686938	Q713
984772	Q714
675959	Q715
670075	Q716
653499	Q717
590151	Q718
1211337	Q719
590148	Q720
590149	Q721
590147	Q722
1026643	Q723
144796	Q724
653337	Q725
1072069	Q726
341249	Q727
341247	Q728
341246	Q729
643506	Q730
643512	Q731
894290	Q732
1028103	Q733
933165	Q734
643515	Q735
643502	Q736
647200	Q737
643516	Q738
643503	Q739
643505	Q740
643508	Q741
643501	Q742
596482	Q743
596484	Q744
1246758	Q745
239731	Q746
119203	Q747
375546	Q748
341250	Q749
848962	Q750
594324	Q751
225102	Q752
126904	Q753
968838	Q754
126905	Q755
161639	Q756
652035	Q757
1084493	Q758
126906	Q759
52581	Q760
126908	Q761
591820	Q762
60133	Q763
109534	Q764
328471	Q765
203795	Q766
227057	Q767
111166	Q768
947079	Q769
648209	Q770
328472	Q771
146819	Q772
42709	Q773
7528	Q774
372560	Q775
947081	Q776
983214	Q777
372557	Q778
372558	Q779
547275	Q780
1016282	Q781
165262	Q782
631511	Q783
142617	Q784
149848	Q785
225095	Q786
930256	Q787
231015	Q788
365811	Q789
849026	Q790
652118	Q791
578825	Q792
648201	Q793
616919	Q794
292627	Q795
1051789	Q796
226834	Q797
337870	Q798
1241217	Q799
375888	Q800
23125	Q801
616920	Q802
292628	Q803
1051785	Q804
226832	Q805
375886	Q806
23129	Q807
1026165	Q808
227093	Q809
143415	Q810
616915	Q811
23132	Q812
1049425	Q813
292630	Q814
1051786	Q815
226833	Q816
667192	Q817
292631	Q818
1051787	Q819
226836	Q820
292633	Q821
1051792	Q822
564483	Q823
717463	Q824
237411	Q825
143524	Q826
23155	Q827
292632	Q828
1051788	Q829
656297	Q830
656292	Q831
933514	Q832
70203	Q833
654032	Q834
656704	Q835
656701	Q836
686258	Q837
666560	Q838
743444	Q839
725502	Q840
931599	Q841
591319	Q842
725580	Q843
1197452	Q844
616343	Q845
686260	Q846
52342	Q847
585865	Q848
656248	Q849
740939	Q850
666480	Q851
932233	Q852
1081053	Q853
686263	Q854
691652	Q855
616416	Q856
666466	Q857
656260	Q858
658952	Q859
666485	Q860
616409	Q861
906308	Q862
873513	Q863
932234	Q864
617321	Q865
686259	Q866
576641	Q867
666447	Q868
596764	Q869
666471	Q870
666460	Q871
661795	Q872
690928	Q873
666438	Q874
723184	Q875
932224	Q876
932225	Q877
1183215	Q878
646952	Q879
573810	Q880
302254	Q881
973418	Q882
573811	Q883
973404	Q884
669645	Q885
302202	Q886
302427	Q887
302448	Q888
302105	Q889
1214423	Q890
302184	Q891
302183	Q892
387047	Q893
302284	Q894
302280	Q895
520949	Q896
302274	Q897
302418	Q898
747780	Q899
142256	Q900
302034	Q901
302423	Q902
302406	Q903
302151	Q904
302272	Q905
302453	Q906
894895	Q907
368437	Q908
302178	Q909
302123	Q910
434944	Q911
302129	Q912
520958	Q913
302190	Q914
520947	Q915
302457	Q916
302451	Q917
302143	Q918
302402	Q919
302397	Q920
302140	Q921
845352	Q922
301081	Q923
302250	Q924
302428	Q925
302153	Q926
586583	Q927
302413	Q928
302039	Q929
302198	Q930
438409	Q931
302195	Q932
906374	Q933
849442	Q934
302090	Q935
849864	Q936
973390	Q937
302264	Q938
754489	Q939
646870	Q940
546978	Q941
646876	Q942
301180	Q943
570783	Q944
646882	Q945
580266	Q946
646874	Q947
655442	Q948
646890	Q949
595384	Q950
646841	Q951
646900	Q952
587396	Q953
646902	Q954
604338	Q955
587406	Q956
646880	Q957
646835	Q958
646837	Q959
646846	Q960
643513	Q961
646842	Q962
646849	Q963
646844	Q964
649338	Q965
647933	Q966
656309	Q967
587584	Q968
1019628	Q969
643441	Q970
646804	Q971
649270	Q972
850956	Q973
368439	Q974
618859	Q975
644275	Q976
647677	Q977
479006	Q978
885572	Q979
719213	Q980
647934	Q981
1250905	Q982
1052757	Q983
646803	Q984
647649	Q985
646802	Q986
656306	Q987
907907	Q988
648119	Q989
585555	Q990
618854	Q991
687513	Q992
142450	Q993
618683	Q994
647667	Q995
1086303	Q996
850958	Q997
587585	Q998
618842	Q999
585548	Q1000
618845	Q1001
585537	Q1002
1025298	Q1003
751557	Q1004
906422	Q1005
907906	Q1006
587583	Q1007
687508	Q1008
1086304	Q1009
1019630	Q1010
1038536	Q1011
587586	Q1012
597981	Q1013
645626	Q1014
576887	Q1015
647937	Q1016
618685	Q1017
646859	Q1018
646916	Q1019
646919	Q1020
579960	Q1021
229856	Q1022
573807	Q1023
573797	Q1024
573803	Q1025
573805	Q1026
436756	Q1027
751191	Q1028
939129	Q1029
939106	Q1030
751185	Q1031
751194	Q1032
751197	Q1033
751172	Q1034
1071372	Q1035
968399	Q1036
1077410	Q1037
971757	Q1038
751186	Q1039
751193	Q1040
1236607	Q1041
751189	Q1042
756143	Q1043
1189100	Q1044
972187	Q1045
730164	Q1046
57395	Q1047
771974	Q1048
756141	Q1049
756144	Q1050
756147	Q1051
756142	Q1052
939375	Q1053
1065722	Q1054
1204643	Q1055
756132	Q1056
756145	Q1057
840406	Q1058
887095	Q1059
893057	Q1060
1264483	Q1061
730125	Q1062
979739	Q1063
1104137	Q1064
971727	Q1065
969700	Q1066
890943	Q1067
971695	Q1068
881898	Q1069
730128	Q1070
384890	Q1071
46809	Q1072
1089689	Q1073
971755	Q1074
1129353	Q1075
908986	Q1076
1221030	Q1077
1264518	Q1078
1062915	Q1079
1209983	Q1080
971726	Q1081
1140331	Q1082
895201	Q1083
1221074	Q1084
731279	Q1085
906988	Q1086
1210267	Q1087
884435	Q1088
897413	Q1089
887283	Q1090
1210600	Q1091
469480	Q1092
670284	Q1093
140647	Q1094
739823	Q1095
479760	Q1096
886134	Q1097
590688	Q1098
5991	Q1099
479405	Q1100
479342	Q1101
23150	Q1102
23142	Q1103
142845	Q1104
459521	Q1105
57287	Q1106
1036533	Q1107
434505	Q1108
987213	Q1109
80465	Q1110
720248	Q1111
57194	Q1112
669598	Q1113
1022169	Q1114
737301	Q1115
642488	Q1116
102430	Q1117
102415	Q1118
908785	Q1119
65433	Q1120
729388	Q1121
878618	Q1122
724911	Q1123
865733	Q1124
602404	Q1125
49351	Q1126
1210270	Q1127
725241	Q1128
225068	Q1129
969594	Q1130
1209111	Q1131
366413	Q1132
725236	Q1133
725235	Q1134
1260045	Q1135
725239	Q1136
725240	Q1137
601825	Q1138
601828	Q1139
858987	Q1140
1226452	Q1141
858983	Q1142
57397	Q1143
651801	Q1144
1217465	Q1145
858986	Q1146
858980	Q1147
884437	Q1148
1273338	Q1149
939117	Q1150
248711	Q1151
1240970	Q1152
968419	Q1153
1087669	Q1154
59973	Q1155
755702	Q1156
1036442	Q1157
1268769	Q1158
968009	Q1159
1087311	Q1160
669972	Q1161
590060	Q1162
590055	Q1163
590063	Q1164
590054	Q1165
590047	Q1166
226838	Q1167
226831	Q1168
142272	Q1169
226816	Q1170
226839	Q1171
1051165	Q1172
977944	Q1173
653440	Q1174
55829	Q1175
1277830	Q1176
736549	Q1177
1024354	Q1178
1239283	Q1179
301173	Q1180
1254030	Q1181
1246312	Q1182
1255750	Q1183
595226	Q1184
301624	Q1185
1240060	Q1186
573285	Q1187
301086	Q1188
595537	Q1189
1238701	Q1190
366335	Q1191
1259913	Q1192
586578	Q1193
585793	Q1194
1073507	Q1195
301305	Q1196
579443	Q1197
655749	Q1198
655748	Q1199
655747	Q1200
1072513	Q1201
1073145	Q1202
1073140	Q1203
1072882	Q1204
1073437	Q1205
1073153	Q1206
1072579	Q1207
1073144	Q1208
1072367	Q1209
1073149	Q1210
1072325	Q1211
1073138	Q1212
1073147	Q1213
1072578	Q1214
1072231	Q1215
1012489	Q1216
1073161	Q1217
1073143	Q1218
1073150	Q1219
1073286	Q1220
1073146	Q1221
1073028	Q1222
1072514	Q1223
1072878	Q1224
1072835	Q1225
1073152	Q1226
1261121	Q1227
1112340	Q1228
584101	Q1229
1050840	Q1230
1252071	Q1231
585463	Q1232
1076494	Q1233
1076493	Q1234
592955	Q1235
138851	Q1236
293580	Q1237
717464	Q1238
293574	Q1239
293482	Q1240
941185	Q1241
1256556	Q1242
366561	Q1243
666653	Q1244
479321	Q1245
1002873	Q1246
1109783	Q1247
948274	Q1248
850011	Q1249
948278	Q1250
948275	Q1251
948276	Q1252
1032703	Q1253
400831	Q1254
1262434	Q1255
1262429	Q1256
399034	Q1257
616224	Q1258
162481	Q1259
1050834	Q1260
745894	Q1261
103324	Q1262
661726	Q1263
60479	Q1264
580840	Q1265
366677	Q1266
1255778	Q1267
142269	Q1268
142257	Q1269
376100	Q1270
144671	Q1271
374357	Q1272
551573	Q1273
376097	Q1274
551571	Q1275
551570	Q1276
551568	Q1277
551569	Q1278
551572	Q1279
66761	Q1280
846759	Q1281
1186403	Q1282
221984	Q1283
585445	Q1284
595345	Q1285
841945	Q1286
18209	Q1287
63905	Q1288
1066499	Q1289
939535	Q1290
848806	Q1291
1215870	Q1292
931856	Q1293
1078660	Q1294
394518	Q1295
1257046	Q1296
1257020	Q1297
1257017	Q1298
1257027	Q1299
840117	Q1300
139121	Q1301
719436	Q1302
932589	Q1303
229583	Q1304
1097914	Q1305
1050055	Q1306
645028	Q1307
854539	Q1308
632365	Q1309
166327	Q1310
117027	Q1311
606857	Q1312
632027	Q1313
225428	Q1314
118793	Q1315
149629	Q1316
103712	Q1317
1106152	Q1318
743892	Q1319
645261	Q1320
933716	Q1321
901606	Q1322
1082921	Q1323
1055518	Q1324
103711	Q1325
102508	Q1326
297274	Q1327
85251	Q1328
59595	Q1329
845886	Q1330
645032	Q1331
901465	Q1332
611760	Q1333
344372	Q1334
725851	Q1335
61671	Q1336
632226	Q1337
368319	Q1338
241581	Q1339
103702	Q1340
1264647	Q1341
667376	Q1342
1010446	Q1343
1090135	Q1344
992791	Q1345
674601	Q1346
673824	Q1347
87919	Q1348
14111	Q1349
8168	Q1350
697966	Q1351
997192	Q1352
1222056	Q1353
1192038	Q1354
141396	Q1355
128646	Q1356
155661	Q1357
1178186	Q1358
1002026	Q1359
842314	Q1360
841981	Q1361
841944	Q1362
993202	Q1363
1132623	Q1364
238410	Q1365
238408	Q1366
669847	Q1367
238406	Q1368
238412	Q1369
238413	Q1370
481727	Q1371
238411	Q1372
238414	Q1373
1108464	Q1374
242975	Q1375
1204699	Q1376
224454	Q1377
946778	Q1378
242131	Q1379
242980	Q1380
734152	Q1381
1000601	Q1382
932348	Q1383
1204700	Q1384
669870	Q1385
669831	Q1386
939340	Q1387
939336	Q1388
1200078	Q1389
734153	Q1390
227066	Q1391
373967	Q1392
238762	Q1393
238763	Q1394
238764	Q1395
238766	Q1396
238768	Q1397
482745	Q1398
238767	Q1399
238769	Q1400
1112959	Q1401
238757	Q1402
238731	Q1403
1112312	Q1404
1112311	Q1405
238719	Q1406
238759	Q1407
238760	Q1408
1075239	Q1409
1112961	Q1410
143839	Q1411
295916	Q1412
339158	Q1413
143822	Q1414
434903	Q1415
335267	Q1416
1233216	Q1417
894908	Q1418
844954	Q1419
609493	Q1420
846704	Q1421
300316	Q1422
204599	Q1423
302690	Q1424
143826	Q1425
576373	Q1426
866238	Q1427
300760	Q1428
342809	Q1429
151776	Q1430
73823	Q1431
143841	Q1432
302560	Q1433
661575	Q1434
579987	Q1435
733647	Q1436
940824	Q1437
112757	Q1438
433163	Q1439
293590	Q1440
717378	Q1441
619175	Q1442
590605	Q1443
619287	Q1444
434529	Q1445
238862	Q1446
479066	Q1447
842917	Q1448
142249	Q1449
618617	Q1450
237796	Q1451
120089	Q1452
301189	Q1453
301192	Q1454
301077	Q1455
301184	Q1456
301194	Q1457
301187	Q1458
301196	Q1459
140423	Q1460
143819	Q1461
143721	Q1462
1039652	Q1463
143820	Q1464
143838	Q1465
143821	Q1466
729592	Q1467
143825	Q1468
363700	Q1469
1277556	Q1470
339125	Q1471
999849	Q1472
1013382	Q1473
143827	Q1474
726313	Q1475
587415	Q1476
1233039	Q1477
1023539	Q1478
1126441	Q1479
1024178	Q1480
1192034	Q1481
1023519	Q1482
143830	Q1483
143831	Q1484
143723	Q1485
143832	Q1486
726673	Q1487
1018362	Q1488
363111	Q1489
143833	Q1490
1066113	Q1491
164599	Q1492
143725	Q1493
621569	Q1494
143724	Q1495
339286	Q1496
143774	Q1497
143836	Q1498
143837	Q1499
143835	Q1500
143834	Q1501
335229	Q1502
726314	Q1503
137020	Q1504
6105	Q1505
300762	Q1506
851708	Q1507
739920	Q1508
739919	Q1509
739917	Q1510
845098	Q1511
844671	Q1512
434904	Q1513
898954	Q1514
302033	Q1515
434909	Q1516
226016	Q1517
751811	Q1518
1197257	Q1519
237809	Q1520
237798	Q1521
237800	Q1522
237872	Q1523
237807	Q1524
894898	Q1525
894896	Q1526
1112075	Q1527
1112039	Q1528
144096	Q1529
1091318	Q1530
732623	Q1531
1073037	Q1532
715770	Q1533
509329	Q1534
854730	Q1535
143617	Q1536
143619	Q1537
617280	Q1538
617279	Q1539
648116	Q1540
90043	Q1541
61923	Q1542
104492	Q1543
341243	Q1544
479941	Q1545
618850	Q1546
618843	Q1547
541399	Q1548
715926	Q1549
363335	Q1550
754093	Q1551
585840	Q1552
618948	Q1553
1270573	Q1554
1204603	Q1555
1265029	Q1556
102576	Q1557
1109781	Q1558
1109780	Q1559
679158	Q1560
117042	Q1561
644620	Q1562
1185784	Q1563
972221	Q1564
842159	Q1565
644622	Q1566
884436	Q1567
940982	Q1568
726256	Q1569
377774	Q1570
1241606	Q1571
1241607	Q1572
335639	Q1573
240468	Q1574
1048021	Q1575
1182617	Q1576
901607	Q1577
1008854	Q1578
1174600	Q1579
632046	Q1580
934702	Q1581
230865	Q1582
669147	Q1583
1210977	Q1584
1191372	Q1585
1191375	Q1586
1114301	Q1587
1082909	Q1588
1062390	Q1589
67282	Q1590
890281	Q1591
396047	Q1592
292587	Q1593
292590	Q1594
1124915	Q1595
292589	Q1596
617281	Q1597
617283	Q1598
728660	Q1599
653004	Q1600
374360	Q1601
994553	Q1602
1187299	Q1603
851476	Q1604
1222048	Q1605
586283	Q1606
842765	Q1607
842767	Q1608
842807	Q1609
366954	Q1610
842762	Q1611
842768	Q1612
842771	Q1613
842766	Q1614
848966	Q1615
366960	Q1616
842769	Q1617
842770	Q1618
842855	Q1619
9458	Q1620
21708	Q1621
849699	Q1622
849694	Q1623
849705	Q1624
585842	Q1625
585841	Q1626
6175	Q1627
148035	Q1628
342240	Q1629
144939	Q1630
230092	Q1631
585839	Q1632
585838	Q1633
585836	Q1634
907904	Q1635
585835	Q1636
587046	Q1637
632224	Q1638
1050024	Q1639
645029	Q1640
632045	Q1641
848805	Q1642
990016	Q1643
1078291	Q1644
1139060	Q1645
725044	Q1646
368311	Q1647
745147	Q1648
625378	Q1649
1209813	Q1650
881422	Q1651
744538	Q1652
661731	Q1653
1106158	Q1654
1040935	Q1655
632330	Q1656
974492	Q1657
1192389	Q1658
744875	Q1659
632616	Q1660
725020	Q1661
890707	Q1662
1057816	Q1663
632026	Q1664
1065677	Q1665
645415	Q1666
368309	Q1667
1184240	Q1668
1106153	Q1669
634349	Q1670
645259	Q1671
632364	Q1672
634200	Q1673
1055520	Q1674
625340	Q1675
368310	Q1676
1192799	Q1677
745279	Q1678
625252	Q1679
625301	Q1680
625389	Q1681
887588	Q1682
1193167	Q1683
365080	Q1684
645034	Q1685
626699	Q1686
848804	Q1687
741414	Q1688
645461	Q1689
1178720	Q1690
725850	Q1691
1048781	Q1692
625242	Q1693
743190	Q1694
744919	Q1695
744916	Q1696
144099	Q1697
617009	Q1698
344371	Q1699
230805	Q1700
980883	Q1701
336084	Q1702
302096	Q1703
363336	Q1704
363333	Q1705
618944	Q1706
367829	Q1707
292981	Q1708
74987	Q1709
242417	Q1710
1052182	Q1711
64172	Q1712
1078289	Q1713
75538	Q1714
725045	Q1715
155671	Q1716
50641	Q1717
242879	Q1718
881423	Q1719
41338	Q1720
52528	Q1721
40710	Q1722
908671	Q1723
744536	Q1724
53440	Q1725
19821	Q1726
64466	Q1727
14445	Q1728
854548	Q1729
52498	Q1730
226422	Q1731
242465	Q1732
1044793	Q1733
890708	Q1734
1057818	Q1735
108330	Q1736
734724	Q1737
645416	Q1738
52537	Q1739
63853	Q1740
125165	Q1741
744957	Q1742
65518	Q1743
65893	Q1744
366495	Q1745
34269	Q1746
40708	Q1747
65551	Q1748
34088	Q1749
65511	Q1750
75897	Q1751
54527	Q1752
368431	Q1753
1097909	Q1754
111160	Q1755
33046	Q1756
65512	Q1757
744828	Q1758
993987	Q1759
41884	Q1760
1097917	Q1761
50486	Q1762
41131	Q1763
64547	Q1764
40786	Q1765
52602	Q1766
292550	Q1767
64764	Q1768
1131961	Q1769
44156	Q1770
41173	Q1771
50635	Q1772
73238	Q1773
46455	Q1774
40468	Q1775
65855	Q1776
35531	Q1777
45953	Q1778
328001	Q1779
741415	Q1780
50223	Q1781
263067	Q1782
64228	Q1783
49321	Q1784
226423	Q1785
103322	Q1786
945403	Q1787
62848	Q1788
368318	Q1789
290761	Q1790
142841	Q1791
144098	Q1792
144136	Q1793
290535	Q1794
337868	Q1795
290758	Q1796
1084016	Q1797
344370	Q1798
162874	Q1799
67846	Q1800
670478	Q1801
744603	Q1802
34476	Q1803
746934	Q1804
675676	Q1805
740511	Q1806
740508	Q1807
340058	Q1808
366959	Q1809
740510	Q1810
740512	Q1811
740509	Q1812
226882	Q1813
49358	Q1814
230806	Q1815
226883	Q1816
1020676	Q1817
944389	Q1818
944374	Q1819
944377	Q1820
1222158	Q1821
1032508	Q1822
1215873	Q1823
1176700	Q1824
221628	Q1825
239661	Q1826
512205	Q1827
334404	Q1828
143858	Q1829
970613	Q1830
512208	Q1831
1110662	Q1832
876866	Q1833
1103570	Q1834
1042568	Q1835
1046577	Q1836
1213903	Q1837
1086734	Q1838
1032513	Q1839
1181314	Q1840
1034350	Q1841
1097950	Q1842
1123104	Q1843
1205432	Q1844
944379	Q1845
944383	Q1846
944396	Q1847
944375	Q1848
944391	Q1849
944381	Q1850
648115	Q1851
49574	Q1852
892690	Q1853
1012709	Q1854
1276521	Q1855
892693	Q1856
576651	Q1857
576647	Q1858
589868	Q1859
847155	Q1860
576646	Q1861
576649	Q1862
576648	Q1863
1032663	Q1864
576655	Q1865
657345	Q1866
1253205	Q1867
127703	Q1868
654099	Q1869
120565	Q1870
140084	Q1871
1249152	Q1872
843337	Q1873
589865	Q1874
542032	Q1875
85607	Q1876
125581	Q1877
125744	Q1878
117790	Q1879
125596	Q1880
585571	Q1881
618738	Q1882
618736	Q1883
618740	Q1884
618741	Q1885
618731	Q1886
733887	Q1887
585457	Q1888
669208	Q1889
585456	Q1890
585455	Q1891
585454	Q1892
1034262	Q1893
654135	Q1894
933162	Q1895
1168031	Q1896
103240	Q1897
1031650	Q1898
79786	Q1899
890417	Q1900
884427	Q1901
939586	Q1902
80866	Q1903
241979	Q1904
1051783	Q1905
1051815	Q1906
1051774	Q1907
589862	Q1908
589860	Q1909
589861	Q1910
589867	Q1911
378054	Q1912
164201	Q1913
659881	Q1914
164206	Q1915
140425	Q1916
433830	Q1917
144016	Q1918
546995	Q1919
546996	Q1920
481921	Q1921
1262237	Q1922
870640	Q1923
570782	Q1924
481919	Q1925
482208	Q1926
892692	Q1927
428409	Q1928
482883	Q1929
482882	Q1930
482880	Q1931
1255312	Q1932
1237617	Q1933
1238694	Q1934
621513	Q1935
898496	Q1936
622760	Q1937
367684	Q1938
1237616	Q1939
388244	Q1940
589739	Q1941
1077990	Q1942
969226	Q1943
1266327	Q1944
588857	Q1945
589872	Q1946
589792	Q1947
598570	Q1948
342127	Q1949
1175293	Q1950
727941	Q1951
718684	Q1952
870662	Q1953
292311	Q1954
292310	Q1955
292319	Q1956
967610	Q1957
292588	Q1958
686538	Q1959
677170	Q1960
677162	Q1961
1177114	Q1962
149654	Q1963
1082822	Q1964
149626	Q1965
1194431	Q1966
149630	Q1967
149647	Q1968
149658	Q1969
149581	Q1970
149651	Q1971
149750	Q1972
161455	Q1973
149617	Q1974
86832	Q1975
891010	Q1976
109783	Q1977
79674	Q1978
752476	Q1979
616913	Q1980
79673	Q1981
751057	Q1982
744150	Q1983
616924	Q1984
1139848	Q1985
1177326	Q1986
939074	Q1987
870659	Q1988
292313	Q1989
292308	Q1990
967605	Q1991
668599	Q1992
729151	Q1993
589863	Q1994
732047	Q1995
292296	Q1996
679225	Q1997
292317	Q1998
721173	Q1999
1212879	Q2000
587038	Q2001
1089838	Q2002
1171242	Q2003
1171247	Q2004
938787	Q2005
1171250	Q2006
1171236	Q2007
751006	Q2008
1088242	Q2009
1171237	Q2010
269516	Q2011
1226334	Q2012
102208	Q2013
384407	Q2014
150696	Q2015
1074065	Q2016
1034851	Q2017
855730	Q2018
655443	Q2019
974421	Q2020
589874	Q2021
651967	Q2022
597319	Q2023
618837	Q2024
589853	Q2025
651965	Q2026
593378	Q2027
589734	Q2028
238349	Q2029
591322	Q2030
295477	Q2031
1012480	Q2032
142253	Q2033
302454	Q2034
1274078	Q2035
142254	Q2036
898135	Q2037
586823	Q2038
142255	Q2039
647527	Q2040
595949	Q2041
1089057	Q2042
573522	Q2043
301088	Q2044
585447	Q2045
983216	Q2046
301309	Q2047
1031444	Q2048
1086645	Q2049
301339	Q2050
301335	Q2051
301314	Q2052
301313	Q2053
301328	Q2054
301323	Q2055
301317	Q2056
644291	Q2057
644292	Q2058
157026	Q2059
165310	Q2060
5974	Q2061
201624	Q2062
117890	Q2063
677194	Q2064
848993	Q2065
870669	Q2066
744572	Q2067
585484	Q2068
1254307	Q2069
967604	Q2070
967609	Q2071
967607	Q2072
967603	Q2073
967608	Q2074
939348	Q2075
654212	Q2076
654196	Q2077
737500	Q2078
1087683	Q2079
744592	Q2080
292295	Q2081
482242	Q2082
482241	Q2083
482245	Q2084
292315	Q2085
721331	Q2086
1216443	Q2087
292318	Q2088
668600	Q2089
612366	Q2090
1186978	Q2091
729150	Q2092
292818	Q2093
292817	Q2094
336318	Q2095
292819	Q2096
292815	Q2097
292820	Q2098
292816	Q2099
729149	Q2100
1209743	Q2101
679224	Q2102
679257	Q2103
728069	Q2104
715925	Q2105
363337	Q2106
1255745	Q2107
1261654	Q2108
1262492	Q2109
686600	Q2110
859619	Q2111
674504	Q2112
669068	Q2113
685645	Q2114
702398	Q2115
682169	Q2116
674310	Q2117
686963	Q2118
654104	Q2119
718407	Q2120
1249926	Q2121
739397	Q2122
734717	Q2123
718403	Q2124
574168	Q2125
686809	Q2126
848150	Q2127
906349	Q2128
618952	Q2129
1051812	Q2130
1273658	Q2131
286090	Q2132
894427	Q2133
43323	Q2134
1238206	Q2135
229858	Q2136
747777	Q2137
149145	Q2138
521323	Q2139
149147	Q2140
156242	Q2141
142766	Q2142
1030326	Q2143
578728	Q2144
302145	Q2145
237452	Q2146
104305	Q2147
117753	Q2148
78596	Q2149
238753	Q2150
19192	Q2151
1013367	Q2152
1189110	Q2153
78648	Q2154
53495	Q2155
240033	Q2156
931107	Q2157
110870	Q2158
984771	Q2159
1185713	Q2160
237793	Q2161
63443	Q2162
896758	Q2163
753504	Q2164
18769	Q2165
729545	Q2166
10640	Q2167
43468	Q2168
1013895	Q2169
621566	Q2170
1204945	Q2171
165316	Q2172
1090452	Q2173
653498	Q2174
549417	Q2175
1229143	Q2176
596988	Q2177
573488	Q2178
373895	Q2179
61557	Q2180
144797	Q2181
341248	Q2182
337474	Q2183
643511	Q2184
615431	Q2185
615392	Q2186
643504	Q2187
643509	Q2188
374364	Q2189
598500	Q2190
242963	Q2191
581103	Q2192
1091286	Q2193
580953	Q2194
366608	Q2195
597987	Q2196
594640	Q2197
328248	Q2198
52379	Q2199
1073622	Q2200
740667	Q2201
580951	Q2202
740669	Q2203
1073624	Q2204
580955	Q2205
49353	Q2206
653473	Q2207
1255664	Q2208
576426	Q2209
143187	Q2210
649246	Q2211
1084489	Q2212
140912	Q2213
57950	Q2214
64816	Q2215
60140	Q2216
844542	Q2217
576424	Q2218
576423	Q2219
576425	Q2220
1083903	Q2221
60135	Q2222
43224	Q2223
848965	Q2224
602094	Q2225
723089	Q2226
902047	Q2227
161453	Q2228
645474	Q2229
591573	Q2230
1221032	Q2231
845158	Q2232
901200	Q2233
102300	Q2234
901650	Q2235
380810	Q2236
615046	Q2237
676195	Q2238
939161	Q2239
1052412	Q2240
1000664	Q2241
1244862	Q2242
675096	Q2243
849027	Q2244
65117	Q2245
1253990	Q2246
293577	Q2247
657362	Q2248
618946	Q2249
742587	Q2250
729180	Q2251
63857	Q2252
1132119	Q2253
82873	Q2254
293576	Q2255
1186395	Q2256
667094	Q2257
571911	Q2258
619039	Q2259
897116	Q2260
93910	Q2261
83771	Q2262
587826	Q2263
739838	Q2264
63915	Q2265
65218	Q2266
887550	Q2267
614085	Q2268
1250034	Q2269
1026167	Q2270
1026168	Q2271
1249079	Q2272
61929	Q2273
999867	Q2274
941252	Q2275
149656	Q2276
1049424	Q2277
293575	Q2278
293578	Q2279
970583	Q2280
336088	Q2281
144571	Q2282
237413	Q2283
588912	Q2284
908989	Q2285
656300	Q2286
690931	Q2287
933513	Q2288
934262	Q2289
519982	Q2290
699106	Q2291
730692	Q2292
1277546	Q2293
725501	Q2294
686261	Q2295
754187	Q2296
1197442	Q2297
1197450	Q2298
690932	Q2299
686759	Q2300
1049381	Q2301
720938	Q2302
52096	Q2303
637087	Q2304
336083	Q2305
115129	Q2306
62608	Q2307
664227	Q2308
686837	Q2309
585863	Q2310
702283	Q2311
740938	Q2312
932232	Q2313
1081052	Q2314
690933	Q2315
691648	Q2316
695311	Q2317
367990	Q2318
666655	Q2319
690935	Q2320
699774	Q2321
616411	Q2322
686726	Q2323
906307	Q2324
932236	Q2325
901229	Q2326
686768	Q2327
616407	Q2328
576639	Q2329
697978	Q2330
668868	Q2331
1183225	Q2332
686810	Q2333
738326	Q2334
690927	Q2335
723183	Q2336
932231	Q2337
998862	Q2338
695327	Q2339
728993	Q2340
999965	Q2341
999972	Q2342
728795	Q2343
999923	Q2344
999990	Q2345
728699	Q2346
686332	Q2347
1264395	Q2348
999933	Q2349
999966	Q2350
686329	Q2351
301949	Q2352
50311	Q2353
302102	Q2354
728696	Q2355
999936	Q2356
755932	Q2357
728759	Q2358
730699	Q2359
737108	Q2360
728576	Q2361
302281	Q2362
728575	Q2363
1266868	Q2364
728636	Q2365
520950	Q2366
999981	Q2367
1084837	Q2368
728638	Q2369
686306	Q2370
728800	Q2371
1049345	Q2372
720876	Q2373
144572	Q2374
375557	Q2375
329320	Q2376
143186	Q2377
374361	Q2378
1084400	Q2379
728637	Q2380
648892	Q2381
302404	Q2382
728181	Q2383
728634	Q2384
999927	Q2385
1106376	Q2386
999920	Q2387
999932	Q2388
595228	Q2389
728756	Q2390
728698	Q2391
999951	Q2392
728633	Q2393
999924	Q2394
1084825	Q2395
728758	Q2396
724140	Q2397
999918	Q2398
731380	Q2399
728646	Q2400
686831	Q2401
737185	Q2402
728796	Q2403
715763	Q2404
999985	Q2405
728803	Q2406
728574	Q2407
302142	Q2408
1247583	Q2409
728799	Q2410
1268181	Q2411
686765	Q2412
728798	Q2413
728639	Q2414
302434	Q2415
152689	Q2416
728771	Q2417
699121	Q2418
885144	Q2419
728794	Q2420
999959	Q2421
995168	Q2422
382558	Q2423
1268227	Q2424
686692	Q2425
728797	Q2426
851906	Q2427
728760	Q2428
754485	Q2429
728804	Q2430
302192	Q2431
999957	Q2432
906373	Q2433
728792	Q2434
727974	Q2435
302094	Q2436
728640	Q2437
973389	Q2438
728757	Q2439
687503	Q2440
728761	Q2441
754488	Q2442
618933	Q2443
725816	Q2444
699811	Q2445
645599	Q2446
594264	Q2447
906389	Q2448
699116	Q2449
1220189	Q2450
1049382	Q2451
727973	Q2452
729012	Q2453
648018	Q2454
729179	Q2455
1019629	Q2456
1025299	Q2457
384301	Q2458
751190	Q2459
939305	Q2460
751184	Q2461
751195	Q2462
751196	Q2463
751169	Q2464
1071371	Q2465
968400	Q2466
971756	Q2467
751187	Q2468
751192	Q2469
1236606	Q2470
751188	Q2471
939384	Q2472
1130014	Q2473
939381	Q2474
1214051	Q2475
939374	Q2476
1189181	Q2477
894409	Q2478
939380	Q2479
939385	Q2480
939382	Q2481
939377	Q2482
1037306	Q2483
1214052	Q2484
939373	Q2485
1180430	Q2486
939383	Q2487
939378	Q2488
939376	Q2489
1214050	Q2490
1105829	Q2491
939379	Q2492
909131	Q2493
376741	Q2494
755987	Q2495
743938	Q2496
138301	Q2497
855720	Q2498
471702	Q2499
469494	Q2500
124186	Q2501
1209986	Q2502
984609	Q2503
459552	Q2504
459551	Q2505
854670	Q2506
655613	Q2507
853308	Q2508
479761	Q2509
479759	Q2510
1055923	Q2511
886138	Q2512
1088743	Q2513
1088744	Q2514
887503	Q2515
886133	Q2516
886136	Q2517
893058	Q2518
865732	Q2519
646996	Q2520
1063868	Q2521
1104139	Q2522
610900	Q2523
897340	Q2524
248714	Q2525
23772	Q2526
110823	Q2527
479341	Q2528
51240	Q2529
1086907	Q2530
49380	Q2531
459485	Q2532
434919	Q2533
1264523	Q2534
166321	Q2535
1249084	Q2536
148695	Q2537
622531	Q2538
746333	Q2539
731278	Q2540
972532	Q2541
479413	Q2542
479412	Q2543
285985	Q2544
23147	Q2545
481925	Q2546
479371	Q2547
337753	Q2548
63637	Q2549
1192045	Q2550
711965	Q2551
479596	Q2552
573386	Q2553
459548	Q2554
969710	Q2555
1063866	Q2556
969701	Q2557
1185511	Q2558
730127	Q2559
730097	Q2560
987215	Q2561
80464	Q2562
730098	Q2563
156649	Q2564
1022167	Q2565
1180488	Q2566
1205281	Q2567
987077	Q2568
1101272	Q2569
166328	Q2570
621672	Q2571
1217466	Q2572
729387	Q2573
878617	Q2574
1088358	Q2575
1273401	Q2576
69196	Q2577
163402	Q2578
57389	Q2579
1211773	Q2580
57290	Q2581
1212455	Q2582
1210268	Q2583
102292	Q2584
162937	Q2585
230089	Q2586
615043	Q2587
969619	Q2588
969616	Q2589
366415	Q2590
1199276	Q2591
601826	Q2592
850142	Q2593
248710	Q2594
968008	Q2595
40532	Q2596
1087686	Q2597
746322	Q2598
590046	Q2599
1252404	Q2600
653439	Q2601
144672	Q2602
237816	Q2603
998879	Q2604
65165	Q2605
736553	Q2606
736548	Q2607
595355	Q2608
586320	Q2609
541968	Q2610
1012501	Q2611
645659	Q2612
586848	Q2613
651803	Q2614
651641	Q2615
1047622	Q2616
1102555	Q2617
720298	Q2618
895404	Q2619
596075	Q2620
374136	Q2621
17893	Q2622
1266095	Q2623
1257755	Q2624
21949	Q2625
540872	Q2626
589149	Q2627
1109784	Q2628
1109782	Q2629
954868	Q2630
421182	Q2631
1032702	Q2632
1180202	Q2633
1086737	Q2634
728144	Q2635
12085	Q2636
719115	Q2637
1096909	Q2638
616227	Q2639
596671	Q2640
894550	Q2641
894553	Q2642
162482	Q2643
745893	Q2644
117048	Q2645
1050687	Q2646
117446	Q2647
1008863	Q2648
1078807	Q2649
597064	Q2650
598053	Q2651
597074	Q2652
596846	Q2653
596847	Q2654
363161	Q2655
551566	Q2656
859532	Q2657
1258088	Q2658
551567	Q2659
1186402	Q2660
1104360	Q2661
1248792	Q2662
595344	Q2663
1012248	Q2664
841943	Q2665
1012243	Q2666
17835	Q2667
17850	Q2668
17896	Q2669
241650	Q2670
383496	Q2671
540677	Q2672
593386	Q2673
1028407	Q2674
164833	Q2675
103082	Q2676
592847	Q2677
135880	Q2678
595365	Q2679
515460	Q2680
651824	Q2681
328218	Q2682
1126899	Q2683
779534	Q2684
955211	Q2685
931855	Q2686
394517	Q2687
1255998	Q2688
1050690	Q2689
229584	Q2690
1097845	Q2691
854542	Q2692
166326	Q2693
241582	Q2694
1051810	Q2695
854535	Q2696
225430	Q2697
118794	Q2698
1050599	Q2699
1264522	Q2700
1069062	Q2701
854537	Q2702
118671	Q2703
297273	Q2704
117026	Q2705
117655	Q2706
1050596	Q2707
368320	Q2708
854544	Q2709
117033	Q2710
1082920	Q2711
625260	Q2712
992790	Q2713
1185719	Q2714
95275	Q2715
95276	Q2716
151101	Q2717
95278	Q2718
481728	Q2719
95279	Q2720
997190	Q2721
1222055	Q2722
1186874	Q2723
587035	Q2724
1027984	Q2725
1033989	Q2726
1033991	Q2727
95281	Q2728
842009	Q2729
1256840	Q2730
1215927	Q2731
842010	Q2732
1261575	Q2733
1261576	Q2734
480994	Q2735
119368	Q2736
95277	Q2737
95280	Q2738
373966	Q2739
897070	Q2740
1078722	Q2741
1010531	Q2742
1090177	Q2743
657519	Q2744
1023401	Q2745
669869	Q2746
669876	Q2747
669877	Q2748
669865	Q2749
669866	Q2750
666683	Q2751
669879	Q2752
669903	Q2753
669828	Q2754
120243	Q2755
589561	Q2756
35807	Q2757
242130	Q2758
1200074	Q2759
734155	Q2760
598727	Q2761
946777	Q2762
1091259	Q2763
164724	Q2764
548558	Q2765
845101	Q2766
1069758	Q2767
1091260	Q2768
548561	Q2769
845099	Q2770
226133	Q2771
1091251	Q2772
226132	Q2773
548555	Q2774
739963	Q2775
1091261	Q2776
226142	Q2777
548559	Q2778
1091319	Q2779
226145	Q2780
1091255	Q2781
482744	Q2782
60166	Q2783
548560	Q2784
1091320	Q2785
226144	Q2786
1112958	Q2787
238734	Q2788
238717	Q2789
238729	Q2790
238738	Q2791
1075238	Q2792
238721	Q2793
238725	Q2794
1112960	Q2795
100916	Q2796
674062	Q2797
674056	Q2798
335225	Q2799
335226	Q2800
335223	Q2801
1084392	Q2802
335224	Q2803
1091257	Q2804
733916	Q2805
1091254	Q2806
1091256	Q2807
1091258	Q2808
1233193	Q2809
1091315	Q2810
1091244	Q2811
738120	Q2812
742946	Q2813
716564	Q2814
716566	Q2815
716562	Q2816
716567	Q2817
901623	Q2818
718008	Q2819
1091245	Q2820
1263882	Q2821
1263881	Q2822
369115	Q2823
661569	Q2824
661567	Q2825
77700	Q2826
661571	Q2827
661534	Q2828
732512	Q2829
661566	Q2830
661572	Q2831
661570	Q2832
1102486	Q2833
302559	Q2834
735084	Q2835
730368	Q2836
730364	Q2837
579944	Q2838
143828	Q2839
730362	Q2840
730376	Q2841
482746	Q2842
933721	Q2843
90919	Q2844
614946	Q2845
583524	Q2846
583452	Q2847
950063	Q2848
1184706	Q2849
148189	Q2850
22912	Q2851
658929	Q2852
148250	Q2853
1187081	Q2854
1188142	Q2855
148184	Q2856
998129	Q2857
583526	Q2858
658934	Q2859
658932	Q2860
1184514	Q2861
741430	Q2862
148089	Q2863
396267	Q2864
661776	Q2865
21742	Q2866
1188089	Q2867
661723	Q2868
509296	Q2869
1187076	Q2870
505872	Q2871
593188	Q2872
661774	Q2873
583456	Q2874
661769	Q2875
509311	Q2876
1187078	Q2877
225530	Q2878
11239	Q2879
713154	Q2880
509301	Q2881
148179	Q2882
1194884	Q2883
716532	Q2884
1188087	Q2885
661779	Q2886
1186935	Q2887
148196	Q2888
148191	Q2889
1230280	Q2890
659258	Q2891
593186	Q2892
1232247	Q2893
1187545	Q2894
661772	Q2895
661721	Q2896
661781	Q2897
596785	Q2898
631749	Q2899
631747	Q2900
1091302	Q2901
1091303	Q2902
1091301	Q2903
1091298	Q2904
1091305	Q2905
237808	Q2906
237794	Q2907
237799	Q2908
237871	Q2909
237806	Q2910
656301	Q2911
656261	Q2912
885146	Q2913
142378	Q2914
594258	Q2915
838906	Q2916
656709	Q2917
723571	Q2918
661565	Q2919
509314	Q2920
725581	Q2921
616399	Q2922
724039	Q2923
146715	Q2924
737177	Q2925
617322	Q2926
656245	Q2927
661568	Q2928
746012	Q2929
1073031	Q2930
616418	Q2931
509303	Q2932
656259	Q2933
616339	Q2934
509334	Q2935
646945	Q2936
617319	Q2937
595734	Q2938
661576	Q2939
666448	Q2940
656262	Q2941
509302	Q2942
661778	Q2943
509313	Q2944
661563	Q2945
595737	Q2946
661771	Q2947
661720	Q2948
666454	Q2949
646948	Q2950
1251015	Q2951
302204	Q2952
661590	Q2953
302447	Q2954
595638	Q2955
302282	Q2956
302278	Q2957
376634	Q2958
302419	Q2959
302392	Q2960
134093	Q2961
302032	Q2962
302408	Q2963
302150	Q2964
735051	Q2965
894894	Q2966
302255	Q2967
301950	Q2968
302125	Q2969
301951	Q2970
302187	Q2971
520948	Q2972
723445	Q2973
302403	Q2974
302398	Q2975
302141	Q2976
301080	Q2977
302248	Q2978
302430	Q2979
302152	Q2980
679532	Q2981
301079	Q2982
849444	Q2983
302099	Q2984
726316	Q2985
302268	Q2986
302261	Q2987
302462	Q2988
546976	Q2989
675637	Q2990
676001	Q2991
301183	Q2992
655349	Q2993
646888	Q2994
301205	Q2995
1109158	Q2996
656244	Q2997
675340	Q2998
1109152	Q2999
675337	Q3000
656242	Q3001
1109157	Q3002
675595	Q3003
675336	Q3004
666623	Q3005
646829	Q3006
656253	Q3007
301193	Q3008
656313	Q3009
596735	Q3010
1259830	Q3011
644242	Q3012
435539	Q3013
582481	Q3014
1212995	Q3015
647673	Q3016
479011	Q3017
713640	Q3018
647567	Q3019
644225	Q3020
648635	Q3021
656249	Q3022
648627	Q3023
142451	Q3024
647671	Q3025
943065	Q3026
585540	Q3027
883578	Q3028
656320	Q3029
647947	Q3030
587587	Q3031
322256	Q3032
645628	Q3033
647149	Q3034
647758	Q3035
753172	Q3036
656255	Q3037
301195	Q3038
1262907	Q3039
1099059	Q3040
1263880	Q3041
1013381	Q3042
286018	Q3043
1232847	Q3044
580043	Q3045
580041	Q3046
1234864	Q3047
1234871	Q3048
1248523	Q3049
1248522	Q3050
1248521	Q3051
1248528	Q3052
1248525	Q3053
1248526	Q3054
1232944	Q3055
669529	Q3056
669525	Q3057
145585	Q3058
64113	Q3059
64244	Q3060
64245	Q3061
64116	Q3062
335188	Q3063
335189	Q3064
335187	Q3065
702270	Q3066
335190	Q3067
226118	Q3068
143385	Q3069
226131	Q3070
226141	Q3071
226217	Q3072
564814	Q3073
143383	Q3074
226143	Q3075
726310	Q3076
18512	Q3077
58604	Q3078
18511	Q3079
44295	Q3080
56112	Q3081
724213	Q3082
18513	Q3083
622333	Q3084
701919	Q3085
18515	Q3086
642638	Q3087
27674	Q3088
18516	Q3089
329450	Q3090
1184549	Q3091
1091293	Q3092
1091294	Q3093
733917	Q3094
1091252	Q3095
1091295	Q3096
1091296	Q3097
221379	Q3098
1091307	Q3099
1091309	Q3100
1091311	Q3101
204467	Q3102
754320	Q3103
1197241	Q3104
754261	Q3105
1055650	Q3106
144011	Q3107
907112	Q3108
218954	Q3109
219183	Q3110
225363	Q3111
218831	Q3112
219287	Q3113
1025854	Q3114
1112038	Q3115
1197280	Q3116
1091314	Q3117
1197288	Q3118
1091313	Q3119
1249082	Q3120
1065476	Q3121
1249081	Q3122
63143	Q3123
728059	Q3124
225532	Q3125
11143	Q3126
990065	Q3127
618951	Q3128
12786	Q3129
906346	Q3130
1275528	Q3131
1204602	Q3132
162321	Q3133
144017	Q3134
1109599	Q3135
1109535	Q3136
1185782	Q3137
240467	Q3138
955112	Q3139
399037	Q3140
1048020	Q3141
1182688	Q3142
894525	Q3143
668472	Q3144
669146	Q3145
1210976	Q3146
1096583	Q3147
945413	Q3148
1076420	Q3149
342060	Q3150
1265307	Q3151
1262543	Q3152
1251704	Q3153
366958	Q3154
932988	Q3155
373989	Q3156
652038	Q3157
366953	Q3158
366957	Q3159
116973	Q3160
116972	Q3161
117798	Q3162
117746	Q3163
116975	Q3164
1085552	Q3165
908669	Q3166
342239	Q3167
339650	Q3168
670792	Q3169
715443	Q3170
1111393	Q3171
230088	Q3172
670771	Q3173
676284	Q3174
676316	Q3175
675744	Q3176
746987	Q3177
297855	Q3178
618931	Q3179
632615	Q3180
898090	Q3181
742555	Q3182
368375	Q3183
741413	Q3184
58697	Q3185
980888	Q3186
754092	Q3187
363339	Q3188
618943	Q3189
576640	Q3190
34091	Q3191
695314	Q3192
754088	Q3193
342083	Q3194
618945	Q3195
302095	Q3196
337869	Q3197
585837	Q3198
618949	Q3199
645600	Q3200
726102	Q3201
103977	Q3202
1256415	Q3203
742551	Q3204
579661	Q3205
144138	Q3206
742977	Q3207
144140	Q3208
230784	Q3209
1052184	Q3210
296420	Q3211
242881	Q3212
854551	Q3213
242159	Q3214
368489	Q3215
1226941	Q3216
118534	Q3217
237453	Q3218
118495	Q3219
634201	Q3220
297646	Q3221
297624	Q3222
368433	Q3223
1097843	Q3224
744827	Q3225
993988	Q3226
1097844	Q3227
365081	Q3228
117364	Q3229
365082	Q3230
117797	Q3231
149820	Q3232
328004	Q3233
118526	Q3234
241384	Q3235
241382	Q3236
1212816	Q3237
632477	Q3238
237451	Q3239
237448	Q3240
1050689	Q3241
1050597	Q3242
1229580	Q3243
587099	Q3244
639968	Q3245
1139063	Q3246
643825	Q3247
643788	Q3248
1023665	Q3249
337860	Q3250
548107	Q3251
292412	Q3252
290252	Q3253
288203	Q3254
1112800	Q3255
290740	Q3256
290738	Q3257
673902	Q3258
974491	Q3259
1112786	Q3260
670477	Q3261
1112265	Q3262
1178678	Q3263
366964	Q3264
366965	Q3265
366966	Q3266
1082427	Q3267
1085119	Q3268
1085570	Q3269
1046362	Q3270
295896	Q3271
226881	Q3272
226879	Q3273
366962	Q3274
366967	Q3275
722669	Q3276
1181043	Q3277
849884	Q3278
849883	Q3279
849885	Q3280
1214285	Q3281
878760	Q3282
398739	Q3283
1222157	Q3284
891286	Q3285
727430	Q3286
722435	Q3287
843782	Q3288
1215872	Q3289
512204	Q3290
721070	Q3291
596154	Q3292
730725	Q3293
895360	Q3294
1205433	Q3295
842834	Q3296
901919	Q3297
596647	Q3298
711789	Q3299
960306	Q3300
661697	Q3301
854979	Q3302
854978	Q3303
848959	Q3304
621680	Q3305
878759	Q3306
713233	Q3307
582665	Q3308
1008530	Q3309
595173	Q3310
852033	Q3311
943566	Q3312
848957	Q3313
928752	Q3314
596017	Q3315
582819	Q3316
398738	Q3317
598425	Q3318
582614	Q3319
839466	Q3320
621630	Q3321
598356	Q3322
893954	Q3323
596648	Q3324
902023	Q3325
852034	Q3326
617275	Q3327
900549	Q3328
752311	Q3329
513731	Q3330
926882	Q3331
675313	Q3332
722434	Q3333
891303	Q3334
582848	Q3335
582644	Q3336
968060	Q3337
900681	Q3338
599253	Q3339
541266	Q3340
512054	Q3341
742756	Q3342
421183	Q3343
901529	Q3344
598590	Q3345
1035544	Q3346
582867	Q3347
598588	Q3348
598416	Q3349
595199	Q3350
720426	Q3351
156644	Q3352
1169523	Q3353
582957	Q3354
569680	Q3355
900687	Q3356
598775	Q3357
598724	Q3358
1261792	Q3359
1214538	Q3360
582961	Q3361
667261	Q3362
734742	Q3363
619109	Q3364
541267	Q3365
893055	Q3366
909019	Q3367
894658	Q3368
541309	Q3369
910900	Q3370
1024922	Q3371
667262	Q3372
1077796	Q3373
851463	Q3374
598586	Q3375
1110661	Q3376
1092659	Q3377
521456	Q3378
1110678	Q3379
1103567	Q3380
764325	Q3381
1042567	Q3382
1046576	Q3383
1213902	Q3384
1086733	Q3385
1032512	Q3386
1181313	Q3387
955382	Q3388
1034349	Q3389
1097949	Q3390
1123103	Q3391
1205431	Q3392
375550	Q3393
1046409	Q3394
89557	Q3395
1206496	Q3396
374215	Q3397
374214	Q3398
374213	Q3399
1012704	Q3400
1012708	Q3401
1203322	Q3402
1276520	Q3403
1247580	Q3404
602127	Q3405
1247579	Q3406
1247630	Q3407
1243292	Q3408
899724	Q3409
1247578	Q3410
647263	Q3411
1120331	Q3412
576653	Q3413
847140	Q3414
900865	Q3415
1185945	Q3416
1072362	Q3417
542029	Q3418
1013056	Q3419
1014257	Q3420
542030	Q3421
1238453	Q3422
1256408	Q3423
1025797	Q3424
1025798	Q3425
589737	Q3426
589859	Q3427
589852	Q3428
589866	Q3429
589735	Q3430
1072435	Q3431
1073435	Q3432
1073154	Q3433
733588	Q3434
643176	Q3435
643143	Q3436
1072582	Q3437
542025	Q3438
1072363	Q3439
647255	Q3440
1072327	Q3441
643197	Q3442
1072577	Q3443
1072230	Q3444
1014987	Q3445
333893	Q3446
1073159	Q3447
588674	Q3448
588856	Q3449
1073284	Q3450
654976	Q3451
479317	Q3452
1073026	Q3453
1072833	Q3454
1072881	Q3455
480262	Q3456
1072834	Q3457
591143	Q3458
573526	Q3459
588675	Q3460
585468	Q3461
669320	Q3462
1247581	Q3463
977461	Q3464
977465	Q3465
669335	Q3466
1263903	Q3467
890178	Q3468
899234	Q3469
977464	Q3470
1263900	Q3471
1243293	Q3472
855830	Q3473
899725	Q3474
855867	Q3475
1070560	Q3476
1179124	Q3477
618737	Q3478
618735	Q3479
618739	Q3480
618746	Q3481
618745	Q3482
617444	Q3483
618732	Q3484
1226453	Q3485
1059352	Q3486
890418	Q3487
54298	Q3488
884434	Q3489
939585	Q3490
583678	Q3491
583706	Q3492
164200	Q3493
242671	Q3494
1139951	Q3495
164205	Q3496
292593	Q3497
292595	Q3498
145745	Q3499
140424	Q3500
292594	Q3501
292597	Q3502
645572	Q3503
292596	Q3504
733939	Q3505
711667	Q3506
1180899	Q3507
1239357	Q3508
1238718	Q3509
1238622	Q3510
1237900	Q3511
1238618	Q3512
971394	Q3513
1237893	Q3514
1237898	Q3515
1180904	Q3516
1180905	Q3517
1180903	Q3518
1077991	Q3519
732154	Q3520
679125	Q3521
679124	Q3522
1252074	Q3523
1080155	Q3524
695312	Q3525
1184215	Q3526
1084329	Q3527
1084336	Q3528
1082849	Q3529
1082827	Q3530
1084267	Q3531
1083744	Q3532
1082912	Q3533
1084337	Q3534
1082823	Q3535
1082821	Q3536
1080381	Q3537
65662	Q3538
80721	Q3539
945185	Q3540
944092	Q3541
646508	Q3542
950011	Q3543
948101	Q3544
944100	Q3545
1250035	Q3546
1267222	Q3547
342128	Q3548
893213	Q3549
1267936	Q3550
682166	Q3551
651810	Q3552
598337	Q3553
598289	Q3554
598306	Q3555
651805	Q3556
598336	Q3557
596524	Q3558
1088318	Q3559
1171238	Q3560
1066947	Q3561
1207915	Q3562
335387	Q3563
1012500	Q3564
597321	Q3565
1191744	Q3566
1191743	Q3567
845787	Q3568
1258394	Q3569
1258400	Q3570
1258516	Q3571
598178	Q3572
598173	Q3573
598186	Q3574
729629	Q3575
729569	Q3576
653070	Q3577
598165	Q3578
597048	Q3579
597045	Q3580
851431	Q3581
598686	Q3582
869356	Q3583
596843	Q3584
597049	Q3585
597324	Q3586
597325	Q3587
853922	Q3588
654772	Q3589
653217	Q3590
648769	Q3591
646135	Q3592
646147	Q3593
598284	Q3594
598303	Q3595
632538	Q3596
648024	Q3597
646136	Q3598
585827	Q3599
593466	Q3600
595084	Q3601
301176	Q3602
588731	Q3603
585862	Q3604
585828	Q3605
593317	Q3606
585782	Q3607
588726	Q3608
366297	Q3609
657656	Q3610
118950	Q3611
589293	Q3612
585538	Q3613
595538	Q3614
515439	Q3615
591392	Q3616
301172	Q3617
586222	Q3618
517748	Q3619
585531	Q3620
52343	Q3621
596393	Q3622
653013	Q3623
984841	Q3624
366606	Q3625
594642	Q3626
114024	Q3627
301337	Q3628
301336	Q3629
301315	Q3630
301308	Q3631
301307	Q3632
301312	Q3633
301324	Q3634
301318	Q3635
653280	Q3636
1031445	Q3637
852443	Q3638
840404	Q3639
744035	Q3640
728414	Q3641
655745	Q3642
1031436	Q3643
574055	Q3644
587754	Q3645
585517	Q3646
227091	Q3647
301300	Q3648
164229	Q3649
1184617	Q3650
734067	Q3651
634282	Q3652
336554	Q3653
210544	Q3654
141533	Q3655
642489	Q3656
332575	Q3657
1010856	Q3658
1031446	Q3659
293478	Q3660
113038	Q3661
1236396	Q3662
165156	Q3663
1087167	Q3664
1086668	Q3665
1086635	Q3666
127144	Q3667
127147	Q3668
127235	Q3669
42860	Q3670
730554	Q3671
901042	Q3672
576650	Q3673
877494	Q3674
332247	Q3675
521421	Q3676
127799	Q3677
127168	Q3678
237813	Q3679
127252	Q3680
127134	Q3681
127123	Q3682
127163	Q3683
127720	Q3684
127654	Q3685
127723	Q3686
395779	Q3687
49296	Q3688
123776	Q3689
127728	Q3690
157038	Q3691
127649	Q3692
395736	Q3693
127815	Q3694
482075	Q3695
127228	Q3696
127645	Q3697
395723	Q3698
382999	Q3699
899728	Q3700
729299	Q3701
395938	Q3702
374346	Q3703
1042322	Q3704
103377	Q3705
150615	Q3706
1013451	Q3707
103380	Q3708
301569	Q3709
94068	Q3710
395841	Q3711
374337	Q3712
999422	Q3713
866489	Q3714
552314	Q3715
120489	Q3716
377466	Q3717
231250	Q3718
120552	Q3719
120479	Q3720
94064	Q3721
22094	Q3722
230834	Q3723
376457	Q3724
99228	Q3725
103094	Q3726
119683	Q3727
119827	Q3728
14067	Q3729
385087	Q3730
229767	Q3731
103307	Q3732
120671	Q3733
238879	Q3734
119796	Q3735
99192	Q3736
604343	Q3737
376301	Q3738
869035	Q3739
229770	Q3740
120506	Q3741
120580	Q3742
378329	Q3743
742804	Q3744
120648	Q3745
123490	Q3746
92962	Q3747
94067	Q3748
103114	Q3749
92949	Q3750
225970	Q3751
237845	Q3752
587260	Q3753
1218127	Q3754
120641	Q3755
119807	Q3756
742776	Q3757
119650	Q3758
93687	Q3759
92953	Q3760
229778	Q3761
238876	Q3762
119653	Q3763
119805	Q3764
228805	Q3765
92954	Q3766
552315	Q3767
654049	Q3768
120663	Q3769
901022	Q3770
376393	Q3771
119689	Q3772
98364	Q3773
376383	Q3774
552313	Q3775
103089	Q3776
229785	Q3777
98356	Q3778
596763	Q3779
99240	Q3780
92950	Q3781
98277	Q3782
98227	Q3783
376713	Q3784
99231	Q3785
119732	Q3786
395757	Q3787
98284	Q3788
120555	Q3789
999425	Q3790
99235	Q3791
229794	Q3792
1078934	Q3793
376335	Q3794
229797	Q3795
119656	Q3796
229800	Q3797
229804	Q3798
103124	Q3799
898144	Q3800
229757	Q3801
576796	Q3802
395914	Q3803
228566	Q3804
301548	Q3805
301428	Q3806
237829	Q3807
301431	Q3808
591377	Q3809
301440	Q3810
669649	Q3811
228569	Q3812
301430	Q3813
228567	Q3814
654118	Q3815
123775	Q3816
22651	Q3817
237832	Q3818
336552	Q3819
301424	Q3820
237847	Q3821
161762	Q3822
301425	Q3823
123677	Q3824
655495	Q3825
301439	Q3826
301448	Q3827
123777	Q3828
301429	Q3829
237837	Q3830
22086	Q3831
22087	Q3832
301447	Q3833
237843	Q3834
301546	Q3835
227045	Q3836
161763	Q3837
119647	Q3838
1255468	Q3839
702275	Q3840
866236	Q3841
669404	Q3842
301438	Q3843
103047	Q3844
103273	Q3845
102903	Q3846
301427	Q3847
237850	Q3848
301418	Q3849
134095	Q3850
723868	Q3851
702276	Q3852
301416	Q3853
301433	Q3854
231252	Q3855
123492	Q3856
301446	Q3857
301420	Q3858
301417	Q3859
123920	Q3860
227047	Q3861
859383	Q3862
301547	Q3863
301422	Q3864
237854	Q3865
232015	Q3866
165209	Q3867
123675	Q3868
123556	Q3869
301419	Q3870
161765	Q3871
102916	Q3872
301423	Q3873
301545	Q3874
122165	Q3875
301563	Q3876
123374	Q3877
301549	Q3878
301437	Q3879
327324	Q3880
63902	Q3881
165433	Q3882
301421	Q3883
146998	Q3884
301436	Q3885
103049	Q3886
123659	Q3887
158150	Q3888
139974	Q3889
301409	Q3890
159186	Q3891
579408	Q3892
430534	Q3893
301536	Q3894
67517	Q3895
1108746	Q3896
129220	Q3897
238385	Q3898
655327	Q3899
131292	Q3900
98558	Q3901
301385	Q3902
131291	Q3903
509121	Q3904
139925	Q3905
98569	Q3906
139931	Q3907
730757	Q3908
139929	Q3909
430957	Q3910
579406	Q3911
100810	Q3912
139933	Q3913
139908	Q3914
676006	Q3915
301414	Q3916
890148	Q3917
100809	Q3918
139919	Q3919
102856	Q3920
231195	Q3921
100813	Q3922
146146	Q3923
1073142	Q3924
231200	Q3925
1073436	Q3926
193335	Q3927
840503	Q3928
1010890	Q3929
139944	Q3930
231196	Q3931
164279	Q3932
231192	Q3933
1010979	Q3934
139936	Q3935
100812	Q3936
1073148	Q3937
900236	Q3938
238416	Q3939
119443	Q3940
1073162	Q3941
679792	Q3942
230951	Q3943
231193	Q3944
1071558	Q3945
1073285	Q3946
231194	Q3947
231202	Q3948
1073027	Q3949
679730	Q3950
1072879	Q3951
851993	Q3952
125746	Q3953
139989	Q3954
679737	Q3955
585458	Q3956
1032177	Q3957
1032198	Q3958
584099	Q3959
1083602	Q3960
1033667	Q3961
584100	Q3962
376776	Q3963
237895	Q3964
237897	Q3965
844179	Q3966
652040	Q3967
584132	Q3968
584141	Q3969
618847	Q3970
584114	Q3971
584214	Q3972
983747	Q3973
432674	Q3974
587118	Q3975
587199	Q3976
584137	Q3977
1064333	Q3978
586114	Q3979
237901	Q3980
884100	Q3981
1061454	Q3982
1061534	Q3983
596744	Q3984
376762	Q3985
1057740	Q3986
435540	Q3987
123778	Q3988
967843	Q3989
328356	Q3990
850184	Q3991
645632	Q3992
644278	Q3993
983976	Q3994
647841	Q3995
585473	Q3996
237906	Q3997
237908	Q3998
376785	Q3999
587636	Q4000
376772	Q4001
981699	Q4002
376778	Q4003
587940	Q4004
587952	Q4005
376788	Q4006
586215	Q4007
647416	Q4008
644224	Q4009
652819	Q4010
586194	Q4011
1083717	Q4012
618691	Q4013
301455	Q4014
1041454	Q4015
1012496	Q4016
1034916	Q4017
647648	Q4018
585452	Q4019
1051498	Q4020
1040963	Q4021
1019683	Q4022
588715	Q4023
972874	Q4024
376755	Q4025
141201	Q4026
237912	Q4027
1051719	Q4028
1062737	Q4029
521395	Q4030
1062812	Q4031
584140	Q4032
520891	Q4033
587201	Q4034
587206	Q4035
230698	Q4036
336377	Q4037
376770	Q4038
587342	Q4039
1042344	Q4040
588865	Q4041
588874	Q4042
165076	Q4043
1041222	Q4044
587251	Q4045
588877	Q4046
1041418	Q4047
983984	Q4048
1041426	Q4049
983625	Q4050
237915	Q4051
376760	Q4052
22103	Q4053
584112	Q4054
967854	Q4055
586180	Q4056
1035687	Q4057
589145	Q4058
1041438	Q4059
1038024	Q4060
103376	Q4061
1041445	Q4062
1039899	Q4063
1050873	Q4064
967672	Q4065
1172451	Q4066
1062988	Q4067
732152	Q4068
618839	Q4069
1051452	Q4070
1035031	Q4071
1083739	Q4072
585547	Q4073
943064	Q4074
586668	Q4075
1051513	Q4076
237920	Q4077
190211	Q4078
1007912	Q4079
237922	Q4080
587288	Q4081
589405	Q4082
237924	Q4083
376774	Q4084
1063815	Q4085
1056980	Q4086
587580	Q4087
1063495	Q4088
1062958	Q4089
127249	Q4090
520868	Q4091
1056536	Q4092
971910	Q4093
586408	Q4094
149544	Q4095
1085562	Q4096
1172069	Q4097
576875	Q4098
1121801	Q4099
295643	Q4100
968487	Q4101
589459	Q4102
520889	Q4103
396004	Q4104
587192	Q4105
589413	Q4106
644413	Q4107
1040791	Q4108
1028990	Q4109
331979	Q4110
589409	Q4111
239203	Q4112
1049320	Q4113
967844	Q4114
967767	Q4115
376782	Q4116
589458	Q4117
584107	Q4118
1041218	Q4119
983949	Q4120
237932	Q4121
584109	Q4122
1083918	Q4123
589467	Q4124
229670	Q4125
586214	Q4126
125458	Q4127
644846	Q4128
190219	Q4129
237804	Q4130
1084646	Q4131
237918	Q4132
586157	Q4133
1020120	Q4134
646929	Q4135
1006037	Q4136
585969	Q4137
585515	Q4138
1026226	Q4139
1026157	Q4140
647756	Q4141
1041450	Q4142
1084651	Q4143
585749	Q4144
237934	Q4145
585961	Q4146
237904	Q4147
585450	Q4148
585560	Q4149
576886	Q4150
1051485	Q4151
587931	Q4152
376791	Q4153
585444	Q4154
376763	Q4155
480258	Q4156
584113	Q4157
732415	Q4158
646937	Q4159
584224	Q4160
100807	Q4161
363496	Q4162
1076495	Q4163
196092	Q4164
125556	Q4165
618875	Q4166
221585	Q4167
123640	Q4168
125597	Q4169
986713	Q4170
238390	Q4171
60064	Q4172
644294	Q4173
644293	Q4174
1258094	Q4175
644289	Q4176
302108	Q4177
23831	Q4178
142277	Q4179
1016658	Q4180
366803	Q4181
142264	Q4182
301097	Q4183
46947	Q4184
294739	Q4185
294639	Q4186
1033646	Q4187
165335	Q4188
119881	Q4189
294413	Q4190
618689	Q4191
1006180	Q4192
119893	Q4193
939179	Q4194
68422	Q4195
294749	Q4196
590858	Q4197
1129466	Q4198
294741	Q4199
68427	Q4200
595549	Q4201
877335	Q4202
13233	Q4203
94193	Q4204
294629	Q4205
877359	Q4206
13078	Q4207
877488	Q4208
13062	Q4209
332245	Q4210
877523	Q4211
294623	Q4212
725583	Q4213
68451	Q4214
294634	Q4215
294742	Q4216
294744	Q4217
165336	Q4218
294412	Q4219
165334	Q4220
593467	Q4221
239421	Q4222
1009496	Q4223
52119	Q4224
119154	Q4225
877183	Q4226
42278	Q4227
646886	Q4228
294409	Q4229
294408	Q4230
720837	Q4231
123680	Q4232
68755	Q4233
165636	Q4234
294747	Q4235
165331	Q4236
294627	Q4237
205320	Q4238
13091	Q4239
68781	Q4240
294417	Q4241
294631	Q4242
646887	Q4243
102839	Q4244
595583	Q4245
7956	Q4246
1217447	Q4247
227381	Q4248
999390	Q4249
294630	Q4250
509125	Q4251
1012143	Q4252
301208	Q4253
7398	Q4254
294414	Q4255
294734	Q4256
576208	Q4257
80080	Q4258
294411	Q4259
294403	Q4260
119564	Q4261
42871	Q4262
237576	Q4263
1035137	Q4264
113705	Q4265
294748	Q4266
119194	Q4267
576210	Q4268
119570	Q4269
119909	Q4270
294637	Q4271
119580	Q4272
133646	Q4273
989845	Q4274
13093	Q4275
294624	Q4276
294415	Q4277
225772	Q4278
294404	Q4279
119697	Q4280
165085	Q4281
294638	Q4282
1234618	Q4283
294635	Q4284
646891	Q4285
202712	Q4286
165333	Q4287
202713	Q4288
294743	Q4289
41033	Q4290
294737	Q4291
57334	Q4292
10751	Q4293
230713	Q4294
591420	Q4295
225971	Q4296
294632	Q4297
141714	Q4298
294416	Q4299
239616	Q4300
119616	Q4301
294738	Q4302
732404	Q4303
165338	Q4304
591429	Q4305
294405	Q4306
165329	Q4307
119588	Q4308
294407	Q4309
165330	Q4310
294746	Q4311
589336	Q4312
165309	Q4313
1028282	Q4314
509014	Q4315
294418	Q4316
165173	Q4317
294735	Q4318
119629	Q4319
119622	Q4320
294626	Q4321
119701	Q4322
294406	Q4323
505811	Q4324
294641	Q4325
165564	Q4326
119916	Q4327
119635	Q4328
165328	Q4329
887305	Q4330
1250024	Q4331
301087	Q4332
239106	Q4333
294640	Q4334
647922	Q4335
294633	Q4336
52187	Q4337
294745	Q4338
140559	Q4339
43432	Q4340
165332	Q4341
242918	Q4342
147923	Q4343
294628	Q4344
368608	Q4345
51126	Q4346
617251	Q4347
119921	Q4348
60990	Q4349
877230	Q4350
229828	Q4351
331813	Q4352
517749	Q4353
656167	Q4354
119946	Q4355
294740	Q4356
589948	Q4357
327323	Q4358
294636	Q4359
999391	Q4360
13482	Q4361
119336	Q4362
119348	Q4363
119902	Q4364
191866	Q4365
656168	Q4366
104094	Q4367
294420	Q4368
294410	Q4369
166074	Q4370
295277	Q4371
227388	Q4372
41354	Q4373
7957	Q4374
62439	Q4375
6825	Q4376
50756	Q4377
10278	Q4378
21892	Q4379
123639	Q4380
238333	Q4381
1243816	Q4382
646129	Q4383
22943	Q4384
647495	Q4385
23815	Q4386
302455	Q4387
632002	Q4388
649042	Q4389
583853	Q4390
595357	Q4391
436471	Q4392
595359	Q4393
595794	Q4394
591187	Q4395
596640	Q4396
848992	Q4397
653274	Q4398
646158	Q4399
646403	Q4400
1003486	Q4401
646408	Q4402
221667	Q4403
342088	Q4404
1089579	Q4405
686529	Q4406
1186980	Q4407
363332	Q4408
675745	Q4409
670791	Q4410
1048780	Q4411
1111392	Q4412
676317	Q4413
676285	Q4414
363334	Q4415
1089790	Q4416
715444	Q4417
670772	Q4418
686611	Q4419
597179	Q4420
730901	Q4421
718406	Q4422
1249925	Q4423
739396	Q4424
734716	Q4425
718402	Q4426
695336	Q4427
618947	Q4428
721406	Q4429
848149	Q4430
906348	Q4431
970959	Q4432
1106159	Q4433
670747	Q4434
647109	Q4435
647107	Q4436
647108	Q4437
238752	Q4438
238732	Q4439
79388	Q4440
1016612	Q4441
1016610	Q4442
1016584	Q4443
1016575	Q4444
1016582	Q4445
1016572	Q4446
1016570	Q4447
1016553	Q4448
1016549	Q4449
1016551	Q4450
1013368	Q4451
1191836	Q4452
1013373	Q4453
1015881	Q4454
1189834	Q4455
1189833	Q4456
1189832	Q4457
1189830	Q4458
1189829	Q4459
1189827	Q4460
1189826	Q4461
1189823	Q4462
1189821	Q4463
1189820	Q4464
1189819	Q4465
1189818	Q4466
1189817	Q4467
1189816	Q4468
1189814	Q4469
1189813	Q4470
1189120	Q4471
1189118	Q4472
1189117	Q4473
1189115	Q4474
1189114	Q4475
1189113	Q4476
1189112	Q4477
1189111	Q4478
1189109	Q4479
1247332	Q4480
398691	Q4481
756271	Q4482
286017	Q4483
238720	Q4484
647104	Q4485
647105	Q4486
647103	Q4487
647106	Q4488
1139906	Q4489
237792	Q4490
394525	Q4491
719616	Q4492
1205207	Q4493
365115	Q4494
381129	Q4495
1204849	Q4496
753372	Q4497
237791	Q4498
237803	Q4499
164600	Q4500
165178	Q4501
381128	Q4502
147444	Q4503
109281	Q4504
1013899	Q4505
1013897	Q4506
1013894	Q4507
621567	Q4508
65081	Q4509
368839	Q4510
366963	Q4511
632469	Q4512
41679	Q4513
1270615	Q4514
1084480	Q4515
616816	Q4516
616808	Q4517
842808	Q4518
616810	Q4519
616812	Q4520
616814	Q4521
616811	Q4522
616813	Q4523
1083907	Q4524
1129352	Q4525
1221031	Q4526
731280	Q4527
939160	Q4528
994049	Q4529
906991	Q4530
1253989	Q4531
686828	Q4532
702341	Q4533
933512	Q4534
519981	Q4535
49465	Q4536
719474	Q4537
742585	Q4538
742586	Q4539
44830	Q4540
149751	Q4541
52095	Q4542
739837	Q4543
1086042	Q4544
858981	Q4545
887549	Q4546
291688	Q4547
103170	Q4548
890954	Q4549
730953	Q4550
375549	Q4551
149653	Q4552
730954	Q4553
984949	Q4554
149583	Q4555
149649	Q4556
999930	Q4557
382560	Q4558
999948	Q4559
999937	Q4560
999979	Q4561
999962	Q4562
999925	Q4563
999921	Q4564
999952	Q4565
728805	Q4566
999956	Q4567
999975	Q4568
999934	Q4569
999973	Q4570
728994	Q4571
999970	Q4572
728995	Q4573
1067147	Q4574
908990	Q4575
1112619	Q4576
730691	Q4577
725500	Q4578
686814	Q4579
754186	Q4580
702281	Q4581
686879	Q4582
1033077	Q4583
742252	Q4584
1264181	Q4585
621983	Q4586
661793	Q4587
336340	Q4588
533546	Q4589
686838	Q4590
658933	Q4591
702282	Q4592
1081051	Q4593
715759	Q4594
717147	Q4595
686262	Q4596
686880	Q4597
699771	Q4598
686827	Q4599
906309	Q4600
686839	Q4601
1250030	Q4602
686832	Q4603
697979	Q4604
668867	Q4605
1186394	Q4606
686821	Q4607
738325	Q4608
717145	Q4609
723182	Q4610
751083	Q4611
686829	Q4612
686842	Q4613
881024	Q4614
740556	Q4615
686812	Q4616
1065678	Q4617
755931	Q4618
730698	Q4619
686826	Q4620
434255	Q4621
434969	Q4622
869028	Q4623
1263776	Q4624
686835	Q4625
727900	Q4626
727979	Q4627
399152	Q4628
727899	Q4629
661763	Q4630
342082	Q4631
143185	Q4632
329319	Q4633
1179958	Q4634
690929	Q4635
1106375	Q4636
724139	Q4637
731379	Q4638
521118	Q4639
687582	Q4640
715762	Q4641
686830	Q4642
727493	Q4643
434242	Q4644
686836	Q4645
699120	Q4646
479029	Q4647
881957	Q4648
686818	Q4649
975740	Q4650
851905	Q4651
754484	Q4652
686899	Q4653
906372	Q4654
593495	Q4655
686815	Q4656
687504	Q4657
754487	Q4658
618932	Q4659
725815	Q4660
699810	Q4661
690930	Q4662
655622	Q4663
906388	Q4664
1220190	Q4665
894465	Q4666
376740	Q4667
593494	Q4668
87553	Q4669
648691	Q4670
1209984	Q4671
854669	Q4672
1026288	Q4673
1055922	Q4674
1063867	Q4675
1104138	Q4676
579441	Q4677
248712	Q4678
648610	Q4679
223105	Q4680
730094	Q4681
1211782	Q4682
1087308	Q4683
878645	Q4684
1087645	Q4685
1036481	Q4686
730096	Q4687
1264484	Q4688
969669	Q4689
730108	Q4690
1204112	Q4691
1084509	Q4692
1264524	Q4693
1084517	Q4694
1199275	Q4695
984948	Q4696
1054437	Q4697
730095	Q4698
1221075	Q4699
622530	Q4700
1090178	Q4701
1087651	Q4702
1087418	Q4703
1211775	Q4704
972530	Q4705
149627	Q4706
166320	Q4707
148694	Q4708
65181	Q4709
754687	Q4710
730152	Q4711
1022168	Q4712
961439	Q4713
55227	Q4714
1032832	Q4715
1139250	Q4716
1226454	Q4717
368889	Q4718
11565	Q4719
899065	Q4720
368842	Q4721
653216	Q4722
838722	Q4723
998878	Q4724
1014805	Q4725
1102553	Q4726
887481	Q4727
1082068	Q4728
721482	Q4729
670176	Q4730
728125	Q4731
728124	Q4732
722539	Q4733
718903	Q4734
721382	Q4735
719114	Q4736
721709	Q4737
1246649	Q4738
755738	Q4739
718879	Q4740
587069	Q4741
1077336	Q4742
652704	Q4743
1013780	Q4744
1104358	Q4745
841942	Q4746
148221	Q4747
1012290	Q4748
751986	Q4749
1266769	Q4750
1267879	Q4751
1267293	Q4752
579131	Q4753
1267297	Q4754
1267683	Q4755
1267284	Q4756
20799	Q4757
1272404	Q4758
595560	Q4759
595542	Q4760
595581	Q4761
595620	Q4762
595593	Q4763
1212796	Q4764
368000	Q4765
892688	Q4766
1093759	Q4767
1261787	Q4768
1256841	Q4769
970308	Q4770
669863	Q4771
669867	Q4772
958275	Q4773
533576	Q4774
958270	Q4775
983749	Q4776
1181356	Q4777
533550	Q4778
958271	Q4779
533571	Q4780
1091249	Q4781
110865	Q4782
1091243	Q4783
1091246	Q4784
1262545	Q4785
227222	Q4786
1091250	Q4787
145583	Q4788
1091248	Q4789
728867	Q4790
35307	Q4791
92655	Q4792
482741	Q4793
716482	Q4794
648259	Q4795
1091247	Q4796
101033	Q4797
101012	Q4798
101060	Q4799
100951	Q4800
100925	Q4801
100982	Q4802
100890	Q4803
341943	Q4804
101016	Q4805
100969	Q4806
100957	Q4807
733918	Q4808
732620	Q4809
739693	Q4810
739694	Q4811
744582	Q4812
541613	Q4813
163495	Q4814
744589	Q4815
583453	Q4816
1110275	Q4817
583457	Q4818
1188088	Q4819
1187541	Q4820
583525	Q4821
13221	Q4822
1188143	Q4823
148183	Q4824
658935	Q4825
509300	Q4826
1184515	Q4827
741432	Q4828
661775	Q4829
1188090	Q4830
661722	Q4831
509297	Q4832
148188	Q4833
505873	Q4834
661768	Q4835
509304	Q4836
1194885	Q4837
661777	Q4838
1186936	Q4839
148195	Q4840
661770	Q4841
661719	Q4842
148190	Q4843
997363	Q4844
1167425	Q4845
1167423	Q4846
1036668	Q4847
741576	Q4848
1207342	Q4849
614947	Q4850
1184707	Q4851
583527	Q4852
148087	Q4853
583528	Q4854
1187077	Q4855
661773	Q4856
10037	Q4857
148178	Q4858
659259	Q4859
661780	Q4860
950064	Q4861
541615	Q4862
1187082	Q4863
593185	Q4864
593187	Q4865
43310	Q4866
713155	Q4867
716533	Q4868
1106648	Q4869
730367	Q4870
730395	Q4871
730363	Q4872
730390	Q4873
730361	Q4874
730374	Q4875
730365	Q4876
730391	Q4877
730397	Q4878
730392	Q4879
730615	Q4880
1239435	Q4881
1247731	Q4882
1167424	Q4883
1176970	Q4884
997347	Q4885
997351	Q4886
997362	Q4887
997352	Q4888
997361	Q4889
997353	Q4890
997360	Q4891
997354	Q4892
997359	Q4893
997355	Q4894
997358	Q4895
997356	Q4896
997357	Q4897
997366	Q4898
997365	Q4899
1215313	Q4900
1234516	Q4901
1250859	Q4902
1175438	Q4903
1247732	Q4904
1036666	Q4905
997377	Q4906
997393	Q4907
997395	Q4908
997394	Q4909
997396	Q4910
997397	Q4911
997385	Q4912
997384	Q4913
997383	Q4914
997382	Q4915
997380	Q4916
997378	Q4917
997381	Q4918
1238755	Q4919
1176971	Q4920
1167422	Q4921
1234679	Q4922
24454	Q4923
1176973	Q4924
933651	Q4925
881660	Q4926
656031	Q4927
974538	Q4928
674825	Q4929
54346	Q4930
65868	Q4931
572564	Q4932
741675	Q4933
738121	Q4934
1264674	Q4935
374359	Q4936
375545	Q4937
573381	Q4938
741684	Q4939
886036	Q4940
329264	Q4941
886044	Q4942
148249	Q4943
900631	Q4944
114233	Q4945
1262906	Q4946
730628	Q4947
71675	Q4948
145061	Q4949
71656	Q4950
71673	Q4951
71682	Q4952
573013	Q4953
71678	Q4954
240317	Q4955
155685	Q4956
102901	Q4957
1222060	Q4958
71676	Q4959
71736	Q4960
72425	Q4961
897650	Q4962
931628	Q4963
336078	Q4964
103548	Q4965
56113	Q4966
77222	Q4967
724227	Q4968
883525	Q4969
78512	Q4970
871965	Q4971
943023	Q4972
943308	Q4973
80029	Q4974
143249	Q4975
80030	Q4976
866342	Q4977
102928	Q4978
68331	Q4979
143248	Q4980
899897	Q4981
83491	Q4982
1255823	Q4983
102932	Q4984
841149	Q4985
943025	Q4986
841217	Q4987
541395	Q4988
139870	Q4989
899917	Q4990
32804	Q4991
1133578	Q4992
103957	Q4993
165378	Q4994
905964	Q4995
1251959	Q4996
335517	Q4997
1183924	Q4998
71774	Q4999
667767	Q5000
144010	Q5001
1086302	Q5002
17709	Q5003
16418	Q5004
1127717	Q5005
974259	Q5006
230877	Q5007
955063	Q5008
1096582	Q5009
1076419	Q5010
1112264	Q5011
1077968	Q5012
1051374	Q5013
1051488	Q5014
297717	Q5015
230087	Q5016
1051871	Q5017
604336	Q5018
604100	Q5019
686820	Q5020
617326	Q5021
617327	Q5022
79043	Q5023
41412	Q5024
686819	Q5025
1051487	Q5026
43386	Q5027
302279	Q5028
302393	Q5029
302101	Q5030
302149	Q5031
302182	Q5032
302121	Q5033
302130	Q5034
302414	Q5035
302249	Q5036
302411	Q5037
302269	Q5038
746986	Q5039
906390	Q5040
699118	Q5041
646872	Q5042
752757	Q5043
646879	Q5044
1033075	Q5045
752144	Q5046
1051373	Q5047
622774	Q5048
342236	Q5049
339652	Q5050
64543	Q5051
64544	Q5052
64619	Q5053
65513	Q5054
86399	Q5055
43513	Q5056
75167	Q5057
64545	Q5058
35403	Q5059
1036357	Q5060
64616	Q5061
64553	Q5062
68726	Q5063
154283	Q5064
725041	Q5065
237447	Q5066
668678	Q5067
934593	Q5068
52990	Q5069
720434	Q5070
291799	Q5071
65521	Q5072
291798	Q5073
722670	Q5074
727475	Q5075
1248868	Q5076
89496	Q5077
675314	Q5078
1046407	Q5079
1046582	Q5080
1025802	Q5081
43734	Q5082
1025796	Q5083
1014741	Q5084
12709	Q5085
1078264	Q5086
737732	Q5087
737731	Q5088
737735	Q5089
737730	Q5090
615777	Q5091
89187	Q5092
89167	Q5093
89245	Q5094
89202	Q5095
89201	Q5096
645574	Q5097
645575	Q5098
855320	Q5099
728738	Q5100
733938	Q5101
1078570	Q5102
945186	Q5103
944088	Q5104
646507	Q5105
950013	Q5106
948102	Q5107
944101	Q5108
1267249	Q5109
1009951	Q5110
1261649	Q5111
682167	Q5112
301888	Q5113
1088317	Q5114
652062	Q5115
653066	Q5116
652841	Q5117
732665	Q5118
652061	Q5119
652840	Q5120
653018	Q5121
732663	Q5122
653062	Q5123
596999	Q5124
597005	Q5125
597000	Q5126
586857	Q5127
586858	Q5128
651807	Q5129
1258396	Q5130
1258395	Q5131
598277	Q5132
598282	Q5133
598287	Q5134
598286	Q5135
589337	Q5136
598166	Q5137
598168	Q5138
598162	Q5139
598164	Q5140
368843	Q5141
301394	Q5142
301390	Q5143
140422	Q5144
1000990	Q5145
593946	Q5146
301389	Q5147
301388	Q5148
301392	Q5149
301393	Q5150
301391	Q5151
580219	Q5152
301572	Q5153
744815	Q5154
301578	Q5155
642067	Q5156
866480	Q5157
897534	Q5158
731996	Q5159
1047947	Q5160
1047935	Q5161
374340	Q5162
652037	Q5163
374283	Q5164
580218	Q5165
301566	Q5166
587124	Q5167
675567	Q5168
541898	Q5169
301581	Q5170
642173	Q5171
866490	Q5172
145593	Q5173
103630	Q5174
1047973	Q5175
949268	Q5176
374335	Q5177
651954	Q5178
580220	Q5179
301571	Q5180
1182279	Q5181
587122	Q5182
675565	Q5183
541899	Q5184
301576	Q5185
642133	Q5186
595471	Q5187
52582	Q5188
98478	Q5189
376267	Q5190
103674	Q5191
1048151	Q5192
1048162	Q5193
576656	Q5194
301310	Q5195
541676	Q5196
587476	Q5197
675564	Q5198
541896	Q5199
301577	Q5200
656048	Q5201
98559	Q5202
293186	Q5203
999286	Q5204
744817	Q5205
301585	Q5206
98698	Q5207
164233	Q5208
999287	Q5209
744819	Q5210
587475	Q5211
301573	Q5212
585516	Q5213
58397	Q5214
744818	Q5215
301574	Q5216
642154	Q5217
224948	Q5218
651814	Q5219
982564	Q5220
58621	Q5221
744816	Q5222
999288	Q5223
301579	Q5224
301580	Q5225
653279	Q5226
1014632	Q5227
42488	Q5228
230821	Q5229
120727	Q5230
297822	Q5231
51214	Q5232
898749	Q5233
111964	Q5234
1003462	Q5235
384790	Q5236
846994	Q5237
102913	Q5238
590152	Q5239
1061791	Q5240
1061790	Q5241
1061785	Q5242
1252241	Q5243
1032773	Q5244
1061792	Q5245
1061793	Q5246
1185772	Q5247
1185775	Q5248
1239550	Q5249
596443	Q5250
595473	Q5251
53661	Q5252
969237	Q5253
859259	Q5254
866606	Q5255
711842	Q5256
999282	Q5257
376268	Q5258
729634	Q5259
653123	Q5260
103631	Q5261
224723	Q5262
1171263	Q5263
658362	Q5264
657686	Q5265
732754	Q5266
479966	Q5267
1242926	Q5268
1266596	Q5269
970366	Q5270
376538	Q5271
653215	Q5272
576233	Q5273
642062	Q5274
666553	Q5275
154795	Q5276
652839	Q5277
1054581	Q5278
598167	Q5279
548275	Q5280
376337	Q5281
564465	Q5282
596684	Q5283
641903	Q5284
34793	Q5285
833940	Q5286
154796	Q5287
616424	Q5288
571555	Q5289
1191827	Q5290
733108	Q5291
1181715	Q5292
933493	Q5293
596320	Q5294
933507	Q5295
1185125	Q5296
933496	Q5297
933499	Q5298
933498	Q5299
933500	Q5300
933497	Q5301
841480	Q5302
1035982	Q5303
977462	Q5304
596317	Q5305
374362	Q5306
669601	Q5307
597072	Q5308
637121	Q5309
597182	Q5310
374358	Q5311
374363	Q5312
587066	Q5313
366898	Q5314
376102	Q5315
376266	Q5316
423765	Q5317
129904	Q5318
589101	Q5319
933508	Q5320
933505	Q5321
1271332	Q5322
933506	Q5323
933504	Q5324
732756	Q5325
1115075	Q5326
732757	Q5327
596327	Q5328
900440	Q5329
933502	Q5330
977463	Q5331
596318	Q5332
1239254	Q5333
933503	Q5334
841479	Q5335
891044	Q5336
596319	Q5337
1219838	Q5338
1260411	Q5339
1243310	Q5340
1243175	Q5341
1243174	Q5342
589102	Q5343
589100	Q5344
1023077	Q5345
589110	Q5346
841476	Q5347
840827	Q5348
933495	Q5349
840743	Q5350
933494	Q5351
1275427	Q5352
933501	Q5353
596316	Q5354
1241842	Q5355
300384	Q5356
1258397	Q5357
541675	Q5358
1258089	Q5359
596328	Q5360
1012635	Q5361
1012488	Q5362
647088	Q5363
301582	Q5364
647300	Q5365
127683	Q5366
337877	Q5367
647230	Q5368
582476	Q5369
337878	Q5370
1134198	Q5371
127287	Q5372
337879	Q5373
647331	Q5374
644227	Q5375
646627	Q5376
644229	Q5377
644421	Q5378
598246	Q5379
632529	Q5380
479524	Q5381
632533	Q5382
118922	Q5383
336366	Q5384
1025293	Q5385
1025292	Q5386
1038530	Q5387
647240	Q5388
1095639	Q5389
579954	Q5390
1258092	Q5391
646858	Q5392
598177	Q5393
598175	Q5394
598227	Q5395
598206	Q5396
598219	Q5397
598187	Q5398
598234	Q5399
597052	Q5400
597068	Q5401
597051	Q5402
597050	Q5403
597057	Q5404
597061	Q5405
597451	Q5406
597053	Q5407
596844	Q5408
597070	Q5409
597454	Q5410
597054	Q5411
597117	Q5412
597055	Q5413
597056	Q5414
597063	Q5415
597059	Q5416
597065	Q5417
597067	Q5418
895171	Q5419
66175	Q5420
598251	Q5421
598250	Q5422
598256	Q5423
598259	Q5424
598263	Q5425
598269	Q5426
598302	Q5427
598304	Q5428
598310	Q5429
598319	Q5430
598323	Q5431
598327	Q5432
598329	Q5433
598333	Q5434
666445	Q5435
656028	Q5436
1098451	Q5437
970769	Q5438
669330	Q5439
669318	Q5440
669327	Q5441
1133211	Q5442
541972	Q5443
541934	Q5444
301178	Q5445
541936	Q5446
541938	Q5447
541974	Q5448
541976	Q5449
541999	Q5450
541940	Q5451
541980	Q5452
541978	Q5453
541991	Q5454
541982	Q5455
696847	Q5456
541997	Q5457
541984	Q5458
541986	Q5459
301179	Q5460
541944	Q5461
542001	Q5462
541993	Q5463
541942	Q5464
542003	Q5465
541946	Q5466
1258511	Q5467
541995	Q5468
376968	Q5469
12901	Q5470
12951	Q5471
492693	Q5472
12958	Q5473
12964	Q5474
720836	Q5475
721009	Q5476
12967	Q5477
12972	Q5478
12976	Q5479
139805	Q5480
1249444	Q5481
622762	Q5482
160530	Q5483
622766	Q5484
335901	Q5485
336189	Q5486
336339	Q5487
336172	Q5488
1228378	Q5489
336190	Q5490
336138	Q5491
336082	Q5492
653116	Q5493
336171	Q5494
35508	Q5495
583653	Q5496
336187	Q5497
336174	Q5498
336179	Q5499
551565	Q5500
336186	Q5501
335903	Q5502
336173	Q5503
376711	Q5504
49964	Q5505
336175	Q5506
336140	Q5507
336177	Q5508
336178	Q5509
336137	Q5510
337269	Q5511
335963	Q5512
336180	Q5513
335967	Q5514
336188	Q5515
336181	Q5516
61566	Q5517
336139	Q5518
336182	Q5519
226400	Q5520
336502	Q5521
227223	Q5522
336508	Q5523
226047	Q5524
336506	Q5525
336505	Q5526
366770	Q5527
1229942	Q5528
226049	Q5529
226048	Q5530
226045	Q5531
366769	Q5532
227225	Q5533
155149	Q5534
336503	Q5535
336498	Q5536
336497	Q5537
336501	Q5538
336507	Q5539
366771	Q5540
366767	Q5541
366766	Q5542
366768	Q5543
336559	Q5544
1185997	Q5545
366592	Q5546
366593	Q5547
366595	Q5548
366596	Q5549
366597	Q5550
366598	Q5551
366599	Q5552
366601	Q5553
366612	Q5554
366614	Q5555
366615	Q5556
428875	Q5557
366617	Q5558
428880	Q5559
428877	Q5560
428879	Q5561
366591	Q5562
366620	Q5563
366622	Q5564
366585	Q5565
366626	Q5566
366590	Q5567
366627	Q5568
366628	Q5569
366629	Q5570
366630	Q5571
366589	Q5572
366588	Q5573
335894	Q5574
366587	Q5575
579130	Q5576
666658	Q5577
571570	Q5578
657659	Q5579
657663	Q5580
669334	Q5581
586352	Q5582
655874	Q5583
336561	Q5584
301889	Q5585
336369	Q5586
301894	Q5587
366634	Q5588
436322	Q5589
459654	Q5590
366635	Q5591
366633	Q5592
366636	Q5593
989330	Q5594
366637	Q5595
366638	Q5596
366639	Q5597
598339	Q5598
366646	Q5599
366645	Q5600
301891	Q5601
345164	Q5602
366640	Q5603
202589	Q5604
366632	Q5605
366641	Q5606
336474	Q5607
574116	Q5608
586750	Q5609
301893	Q5610
586788	Q5611
1050250	Q5612
1050789	Q5613
957472	Q5614
899235	Q5615
897590	Q5616
1230432	Q5617
734967	Q5618
933046	Q5619
1178485	Q5620
1016295	Q5621
589103	Q5622
515393	Q5623
515395	Q5624
302156	Q5625
147947	Q5626
1003480	Q5627
95289	Q5628
1194568	Q5629
576692	Q5630
1033238	Q5631
1205284	Q5632
541925	Q5633
301185	Q5634
541587	Q5635
541908	Q5636
301182	Q5637
576503	Q5638
60199	Q5639
13173	Q5640
336081	Q5641
647411	Q5642
141536	Q5643
336077	Q5644
52340	Q5645
104306	Q5646
42034	Q5647
646832	Q5648
585789	Q5649
1012636	Q5650
231160	Q5651
656011	Q5652
224204	Q5653
141534	Q5654
142258	Q5655
152289	Q5656
142367	Q5657
42007	Q5658
328247	Q5659
89037	Q5660
141535	Q5661
67982	Q5662
69375	Q5663
142377	Q5664
42037	Q5665
336491	Q5666
142453	Q5667
336089	Q5668
66807	Q5669
42036	Q5670
142452	Q5671
579955	Q5672
579963	Q5673
579966	Q5674
579958	Q5675
126370	Q5676
1258399	Q5677
598179	Q5678
598171	Q5679
651978	Q5680
598230	Q5681
651977	Q5682
598192	Q5683
653264	Q5684
618887	Q5685
618886	Q5686
598213	Q5687
653069	Q5688
652081	Q5689
598217	Q5690
598185	Q5691
598235	Q5692
653263	Q5693
598221	Q5694
598210	Q5695
651979	Q5696
598182	Q5697
653071	Q5698
596976	Q5699
597332	Q5700
596848	Q5701
596845	Q5702
596852	Q5703
596896	Q5704
596851	Q5705
632003	Q5706
596884	Q5707
596842	Q5708
596849	Q5709
596850	Q5710
597529	Q5711
596854	Q5712
596898	Q5713
596853	Q5714
598115	Q5715
596878	Q5716
632001	Q5717
649041	Q5718
839176	Q5719
839482	Q5720
839483	Q5721
839481	Q5722
649040	Q5723
631999	Q5724
649045	Q5725
646128	Q5726
598264	Q5727
648986	Q5728
648984	Q5729
648982	Q5730
598301	Q5731
632392	Q5732
598309	Q5733
598316	Q5734
646127	Q5735
634267	Q5736
653275	Q5737
646159	Q5738
646404	Q5739
1003485	Q5740
646409	Q5741
640104	Q5742
1087118	Q5743
1089836	Q5744
47315	Q5745
238755	Q5746
238740	Q5747
238727	Q5748
238754	Q5749
238750	Q5750
664269	Q5751
1016611	Q5752
1016609	Q5753
1016583	Q5754
1016574	Q5755
1016581	Q5756
1016571	Q5757
1016569	Q5758
1016552	Q5759
1016548	Q5760
1016550	Q5761
1013371	Q5762
1194556	Q5763
1013374	Q5764
1013372	Q5765
389161	Q5766
100841	Q5767
145520	Q5768
1016545	Q5769
737103	Q5770
1171430	Q5771
1016104	Q5772
1017383	Q5773
1017382	Q5774
1017378	Q5775
1016065	Q5776
1016564	Q5777
1017381	Q5778
398690	Q5779
599018	Q5780
1017455	Q5781
1015914	Q5782
1017380	Q5783
1016543	Q5784
1017444	Q5785
1017454	Q5786
1202721	Q5787
1016566	Q5788
1017452	Q5789
1202701	Q5790
1015919	Q5791
1016544	Q5792
1107435	Q5793
756272	Q5794
728528	Q5795
238529	Q5796
79372	Q5797
849086	Q5798
237790	Q5799
164601	Q5800
394524	Q5801
719615	Q5802
165467	Q5803
157263	Q5804
794714	Q5805
381131	Q5806
242651	Q5807
1077613	Q5808
1016649	Q5809
165182	Q5810
599016	Q5811
164606	Q5812
599074	Q5813
969602	Q5814
165177	Q5815
239818	Q5816
969641	Q5817
653744	Q5818
653710	Q5819
381797	Q5820
381796	Q5821
381795	Q5822
165531	Q5823
147443	Q5824
1013892	Q5825
1013893	Q5826
1109922	Q5827
1109923	Q5828
906990	Q5829
1050494	Q5830
149618	Q5831
887498	Q5832
1017558	Q5833
64548	Q5834
64561	Q5835
64610	Q5836
64550	Q5837
368384	Q5838
632327	Q5839
92946	Q5840
376742	Q5841
987216	Q5842
105196	Q5843
1096696	Q5844
968317	Q5845
587242	Q5846
972661	Q5847
142228	Q5848
686756	Q5849
142122	Q5850
290435	Q5851
290678	Q5852
972662	Q5853
105168	Q5854
105172	Q5855
1098423	Q5856
1032833	Q5857
1032834	Q5858
375733	Q5859
368888	Q5860
622609	Q5861
368841	Q5862
368840	Q5863
105887	Q5864
552304	Q5865
954273	Q5866
689626	Q5867
383872	Q5868
755737	Q5869
755739	Q5870
718878	Q5871
1193678	Q5872
1266356	Q5873
1266495	Q5874
1266637	Q5875
1266263	Q5876
75829	Q5877
122873	Q5878
746704	Q5879
1081200	Q5880
744580	Q5881
163490	Q5882
517732	Q5883
163493	Q5884
744588	Q5885
13223	Q5886
658930	Q5887
83460	Q5888
998131	Q5889
22911	Q5890
334661	Q5891
334677	Q5892
1167435	Q5893
334663	Q5894
13058	Q5895
1087223	Q5896
12801	Q5897
147299	Q5898
334683	Q5899
730631	Q5900
730630	Q5901
997436	Q5902
421545	Q5903
421543	Q5904
421544	Q5905
126041	Q5906
113353	Q5907
421546	Q5908
572565	Q5909
1113828	Q5910
1124481	Q5911
1264673	Q5912
573383	Q5913
573382	Q5914
1083686	Q5915
1082724	Q5916
900629	Q5917
165870	Q5918
56412	Q5919
841148	Q5920
841152	Q5921
53805	Q5922
15761	Q5923
382757	Q5924
162990	Q5925
949734	Q5926
55192	Q5927
224580	Q5928
481475	Q5929
724815	Q5930
134195	Q5931
724212	Q5932
724593	Q5933
724927	Q5934
687349	Q5935
368381	Q5936
92874	Q5937
686824	Q5938
686841	Q5939
686823	Q5940
906304	Q5941
686817	Q5942
686816	Q5943
686834	Q5944
731763	Q5945
687581	Q5946
690925	Q5947
746985	Q5948
1032922	Q5949
699117	Q5950
725817	Q5951
1036356	Q5952
1050343	Q5953
72080	Q5954
53801	Q5955
53434	Q5956
72082	Q5957
72084	Q5958
204222	Q5959
1032514	Q5960
83559	Q5961
1028155	Q5962
1028163	Q5963
1028153	Q5964
516316	Q5965
999272	Q5966
1009953	Q5967
573849	Q5968
587068	Q5969
744651	Q5970
744649	Q5971
933883	Q5972
744648	Q5973
744653	Q5974
998849	Q5975
742043	Q5976
886050	Q5977
593945	Q5978
294086	Q5979
224766	Q5980
593950	Q5981
593947	Q5982
1241841	Q5983
79745	Q5984
866479	Q5985
58399	Q5986
866488	Q5987
64268	Q5988
376964	Q5989
377667	Q5990
376146	Q5991
58385	Q5992
595470	Q5993
595472	Q5994
866390	Q5995
595698	Q5996
595694	Q5997
376039	Q5998
983753	Q5999
1013125	Q6000
51213	Q6001
58384	Q6002
1047913	Q6003
675569	Q6004
1047928	Q6005
744822	Q6006
1121700	Q6007
983517	Q6008
1012968	Q6009
1013154	Q6010
1013118	Q6011
1042266	Q6012
51218	Q6013
1003460	Q6014
585518	Q6015
56586	Q6016
384787	Q6017
840484	Q6018
1125344	Q6019
384789	Q6020
1069792	Q6021
1032688	Q6022
1180935	Q6023
999289	Q6024
999283	Q6025
967653	Q6026
729647	Q6027
1221455	Q6028
376040	Q6029
653247	Q6030
653248	Q6031
653406	Q6032
653402	Q6033
653249	Q6034
653250	Q6035
653251	Q6036
653252	Q6037
653403	Q6038
653253	Q6039
653407	Q6040
653254	Q6041
653405	Q6042
653255	Q6043
653219	Q6044
653214	Q6045
653256	Q6046
653257	Q6047
666838	Q6048
653259	Q6049
1047942	Q6050
653218	Q6051
653258	Q6052
598180	Q6053
598174	Q6054
619077	Q6055
598226	Q6056
653244	Q6057
598193	Q6058
598205	Q6059
653115	Q6060
598207	Q6061
598215	Q6062
598231	Q6063
598232	Q6064
598195	Q6065
619081	Q6066
598218	Q6067
598188	Q6068
598236	Q6069
907217	Q6070
619080	Q6071
619078	Q6072
598190	Q6073
619079	Q6074
598222	Q6075
598209	Q6076
598183	Q6077
653093	Q6078
653072	Q6079
598197	Q6080
598224	Q6081
376963	Q6082
598169	Q6083
98199	Q6084
376463	Q6085
376336	Q6086
1181716	Q6087
1261267	Q6088
1268177	Q6089
1268176	Q6090
597112	Q6091
597107	Q6092
597089	Q6093
597086	Q6094
597082	Q6095
597073	Q6096
597113	Q6097
597106	Q6098
597076	Q6099
597093	Q6100
597071	Q6101
597114	Q6102
597105	Q6103
597110	Q6104
597108	Q6105
597119	Q6106
597116	Q6107
597111	Q6108
597120	Q6109
597211	Q6110
597109	Q6111
597276	Q6112
597121	Q6113
597122	Q6114
376078	Q6115
597157	Q6116
674568	Q6117
376038	Q6118
1258398	Q6119
1258513	Q6120
598249	Q6121
598252	Q6122
598245	Q6123
598255	Q6124
598258	Q6125
598260	Q6126
598262	Q6127
598271	Q6128
598274	Q6129
598340	Q6130
598291	Q6131
598305	Q6132
598308	Q6133
598312	Q6134
598315	Q6135
598317	Q6136
598321	Q6137
598324	Q6138
598326	Q6139
598328	Q6140
598330	Q6141
598334	Q6142
345180	Q6143
1184132	Q6144
1185055	Q6145
597480	Q6146
597008	Q6147
1184463	Q6148
55748	Q6149
647614	Q6150
598176	Q6151
742251	Q6152
598229	Q6153
598194	Q6154
598208	Q6155
395084	Q6156
598216	Q6157
598233	Q6158
598196	Q6159
598220	Q6160
598189	Q6161
598237	Q6162
598191	Q6163
598223	Q6164
598211	Q6165
598184	Q6166
653068	Q6167
598198	Q6168
986904	Q6169
589573	Q6170
653099	Q6182
1171970	Q6183
594657	Q6186
368838	Q6194
594659	Q6195
92572	Q6196
242966	Q6197
368774	Q6198
368837	Q6199
368891	Q6200
594660	Q6201
594658	Q6202
746375	Q6205
377772	Q6208
368775	Q6209
377771	Q6210
368890	Q6211
594662	Q6212
617305	Q6215
1181713	Q6222
652080	Q6232
652913	Q6233
652927	Q6234
653065	Q6235
653022	Q6236
653064	Q6237
732664	Q6238
732661	Q6239
652919	Q6240
652915	Q6241
652075	Q6242
686292	Q6243
652060	Q6244
652083	Q6245
653014	Q6246
652077	Q6249
652078	Q6250
652076	Q6251
652082	Q6255
652931	Q6256
652932	Q6257
328232	Q6265
1171971	Q6268
381292	Q6269
887497	Q6284
1179373	Q6299
1279835	Q6338
596899	Q6339
597328	Q6340
597326	Q6341
366765	Q6342
226050	Q6343
336548	Q6344
961653	Q6345
1039698	Q6346
1040710	Q6347
842619	Q6348
843409	Q6349
368936	Q6350
653442	Q6351
1279342	Q6352
366600	Q6353
366618	Q6354
366619	Q6355
366621	Q6356
366624	Q6357
366631	Q6358
366594	Q6359
366613	Q6360
366616	Q6361
366623	Q6362
981679	Q6363
598247	Q6364
598253	Q6365
975646	Q6366
598254	Q6367
598257	Q6368
598261	Q6369
598265	Q6370
598272	Q6371
989327	Q6372
598275	Q6373
598276	Q6374
598300	Q6375
598307	Q6376
598311	Q6377
598313	Q6378
974500	Q6379
598314	Q6380
598320	Q6381
598322	Q6382
598325	Q6383
598332	Q6384
726185	Q6385
999728	Q6386
950231	Q6387
1004102	Q6388
997777	Q6389
977668	Q6390
943161	Q6391
106095	Q6392
669850	Q6393
994319	Q6394
335904	Q6395
336026	Q6396
336027	Q6397
335965	Q6398
336028	Q6399
336029	Q6400
336025	Q6401
999725	Q6402
336080	Q6403
726677	Q6404
64263	Q6405
376545	Q6406
1184627	Q6407
1098890	Q6408
979289	Q6409
1255656	Q6410
994257	Q6411
509282	Q6412
1012393	Q6413
1184579	Q6414
999722	Q6415
950230	Q6416
376050	Q6417
1174331	Q6418
602218	Q6419
342091	Q6420
598129	Q6421
994256	Q6422
999726	Q6423
328246	Q6424
987891	Q6425
1017656	Q6426
376544	Q6427
66178	Q6428
1123912	Q6429
506911	Q6430
224890	Q6431
994445	Q6432
950235	Q6433
999727	Q6434
598248	Q6435
435543	Q6436
974483	Q6437
994318	Q6438
901553	Q6439
367992	Q6440
1003933	Q6441
886049	Q6442
651509	Q6443
586890	Q6444
989172	Q6445
1087096	Q6446
238745	Q6447
725870	Q6448
664264	Q6449
238739	Q6450
1207867	Q6451
238746	Q6452
664268	Q6453
664261	Q6454
586143	Q6455
238728	Q6456
238726	Q6457
100842	Q6458
1256461	Q6459
990836	Q6460
1256451	Q6461
1256458	Q6462
1256454	Q6463
1256462	Q6464
1256456	Q6465
1256453	Q6466
1013380	Q6467
1045281	Q6468
100840	Q6469
145519	Q6470
389135	Q6471
753447	Q6472
970548	Q6473
970552	Q6474
970586	Q6475
655649	Q6476
655636	Q6477
655637	Q6478
970549	Q6479
686757	Q6480
985753	Q6481
105195	Q6482
1056042	Q6483
1096713	Q6484
105199	Q6485
1096695	Q6486
968316	Q6487
985754	Q6488
985763	Q6489
985755	Q6490
972775	Q6491
972781	Q6492
997844	Q6493
972660	Q6494
105187	Q6495
972676	Q6496
893060	Q6497
1128655	Q6498
1131365	Q6499
906617	Q6500
1168796	Q6501
1128962	Q6502
70634	Q6503
376165	Q6504
686755	Q6505
972678	Q6506
972677	Q6507
972747	Q6508
105166	Q6509
105200	Q6510
1101209	Q6511
592684	Q6512
972743	Q6513
900513	Q6514
9632	Q6515
1097463	Q6516
728520	Q6517
1100930	Q6518
75828	Q6519
1110052	Q6520
329086	Q6521
110645	Q6522
998134	Q6523
998133	Q6524
945918	Q6525
341068	Q6526
146593	Q6527
1258939	Q6528
1023497	Q6529
1259552	Q6530
342344	Q6531
131406	Q6532
335353	Q6533
335394	Q6534
8448	Q6535
163930	Q6536
55196	Q6537
640191	Q6538
724216	Q6539
295273	Q6540
687350	Q6541
724214	Q6542
342957	Q6543
335947	Q6544
336041	Q6545
687352	Q6546
724217	Q6547
974602	Q6548
724544	Q6549
60484	Q6550
146407	Q6551
724538	Q6552
724539	Q6553
1273436	Q6554
1273437	Q6555
617742	Q6556
60052	Q6557
40741	Q6558
43761	Q6559
40757	Q6560
724223	Q6561
40836	Q6562
16088	Q6563
502082	Q6564
379728	Q6565
724373	Q6566
1260749	Q6567
1011664	Q6568
379811	Q6569
107659	Q6570
907271	Q6571
152782	Q6572
230696	Q6573
90078	Q6574
49057	Q6575
49303	Q6576
1003650	Q6577
1018682	Q6578
1018910	Q6579
1262923	Q6580
720025	Q6581
1006941	Q6582
1019063	Q6583
1268854	Q6584
719939	Q6585
999273	Q6586
999271	Q6587
1018939	Q6588
1011012	Q6589
1010843	Q6590
1176490	Q6591
998880	Q6592
1176460	Q6593
998869	Q6594
1176509	Q6595
1176493	Q6596
1176492	Q6597
142376	Q6598
1176462	Q6599
594256	Q6600
1176459	Q6601
1176510	Q6602
1176496	Q6603
1000818	Q6604
594248	Q6605
1000685	Q6606
1000815	Q6607
726292	Q6608
23000	Q6609
1000810	Q6610
852684	Q6611
1000681	Q6612
513185	Q6613
1000950	Q6614
1000946	Q6615
726274	Q6616
513186	Q6617
1000953	Q6618
1000660	Q6619
730302	Q6620
998873	Q6621
594254	Q6622
1000679	Q6623
852666	Q6624
1000676	Q6625
1000683	Q6626
998860	Q6627
588284	Q6628
998800	Q6629
998799	Q6630
852742	Q6631
51066	Q6632
744644	Q6633
596915	Q6634
998801	Q6635
998803	Q6636
125484	Q6637
594245	Q6638
726266	Q6639
1252806	Q6640
885652	Q6641
1018617	Q6642
853592	Q6643
1024608	Q6644
998875	Q6645
595104	Q6646
1176707	Q6647
998810	Q6648
998804	Q6649
998858	Q6650
1252178	Q6651
998808	Q6652
998797	Q6653
998863	Q6654
998802	Q6655
998796	Q6656
513181	Q6657
998865	Q6658
1168610	Q6659
225391	Q6660
998806	Q6661
998866	Q6662
898973	Q6663
512102	Q6664
602104	Q6665
655576	Q6666
1024612	Q6667
1275499	Q6668
1024614	Q6669
1273037	Q6670
1024615	Q6671
1273042	Q6672
18957	Q6673
1273072	Q6674
1024613	Q6675
998859	Q6676
742042	Q6677
1273029	Q6678
1024618	Q6679
1275501	Q6680
1024620	Q6681
609496	Q6682
224768	Q6683
294084	Q6684
901392	Q6685
901396	Q6686
224767	Q6687
901387	Q6688
901400	Q6689
901397	Q6690
901393	Q6691
669825	Q6692
1241840	Q6693
1187158	Q6694
1180936	Q6695
598181	Q6696
597115	Q6697
597118	Q6698
978963	Q6699
977672	Q6700
977777	Q6701
997778	Q6702
335966	Q6703
169822	Q6704
944085	Q6705
1055792	Q6706
737406	Q6707
726259	Q6708
42789	Q6709
381294	Q6710
