item	year
Q163050	2025
Q163051	2024
Q163052	2023
Q163053	2022
Q163054	2021
Q163055	2020
Q163056	2019
Q163057	2018
Q163058	2017
Q163059	2016
Q163060	2015
Q163061	2014
Q163062	2013
Q163063	2012
Q163064	2011
Q163065	2010
Q163066	2009
Q163067	2008
Q163068	2007
Q163069	2006
Q163070	2005
Q163071	2004
Q163072	2003
Q163073	2002
Q163074	2001
Q163075	2000
Q163076	1999
Q163077	1998
Q163078	1997
Q163079	1996
Q163080	1995
Q163081	1994
Q163082	1993
Q163083	1992
Q163084	1991
Q163085	1990
Q163086	1989
Q163087	1988
Q163088	1987
Q163089	1986
Q163090	1985
Q163091	1984
Q163092	1983
Q163093	1982
Q163094	1981
Q163095	1980
Q163096	1979
Q163097	1978
Q163098	1977
Q163099	1976
Q163100	1975
Q163101	1974
Q163102	1973
Q163103	1972
Q163104	1971
Q163105	1970
Q163106	1969
Q163107	1968
Q163108	1967
Q163109	1966
Q163110	1965
Q163111	1964
Q163112	1963
Q163113	1962
Q163114	1961
Q163115	1960
Q163116	1959
Q163117	1958
Q163118	1957
Q163119	1956
Q163120	1955
Q163121	1954
Q163122	1953
