qid	Leu
Q177811	Argitalpenak
Q177812	Askotarikoak
Q177813	Aztarnategiak ikuskatzeko bisitak
Q177814	Azterlanak
Q177815	Begi bidezko miaketa
Q177816	Beste jarduera batzuk
Q177817	Dokumentazio grafikoa
Q177818	Estratigrafia berrikustea
Q177819	Geomorfologia eta ingurumen azterketa
Q177820	Haitzuloetako artearen azterketa
Q177821	Hedapena
Q177822	Hiri Plangintza idazteko Historia eta Arkeologia arloko Azterlanak
Q177823	Hormak dokumentazioa
Q177824	Hormen irakurketa estratigrafikoa
Q177825	Hormen irakurketa estratigrafikoa 
Q177826	Ikatz lagina jasotzea
Q177827	Ikerketa
Q177828	Indusketa
Q177829	Kataren bidezko miaketa
Q177830	Kontrola
Q177831	Labar artearen azterketa
Q177832	Lan-eremuak
Q177833	Lan-ikuskaritza
Q177834	Landa-lanak
Q177835	Lur-azaleko bilaketa
Q177836	Material arkeologikoen zaintza
Q177837	Mekanika-indusketa
Q177838	Miaketa geofisikoa
Q177839	Miaketa geomagnetikoa
Q177840	Prospekzio magnetometrikoa
Q177841	Prospekzioa
Q177842	Sortzen ari diren egituren azterketa
Q177843	Txosten, Proiektu eta Azterlan Arkeologikoak
Q177844	Txosten, Proiektu eta Azterlan Arkeologikoak eta Dokumentazio Programak
Q177845	Urpeko zundaketak
Q177846	Zaintza eta Babesa
Q177847	Zundaketa
