wikibase	name	INE
Q176431	Arratzu	48914
Q176438	Ziortza-Bolibar	48915
Q176402	Abaltzisketa	20001
Q176421	Aduna	20002
Q176436	Aizarnazabal	20003
Q176415	Albiztur	20004
Q176440	Alegia	20005
Q176379	Alkiza	20006
Q176034	Altzo	20007
Q176441	Amezketa	20008
Q176406	Andoain	20009
Q176051	Anoeta	20010
Q176639	Antzuola	20011
Q176413	Arama	20012
Q176101	Aretxabaleta	20013
Q176418	Asteasu	20014
Q176424	Aia	20016
Q176041	Azkoitia	20017
Q176385	Azpeitia	20018
Q176567	Beasain	20019
Q176432	Beizama	20020
Q175991	Belauntza	20021
Q176420	Berastegi	20022
Q175977	Berrobi	20023
Q176383	Bidania-Goiatz	20024
Q176851	Zegama	20025
Q176916	Zerain	20026
Q176433	Zestoa	20027
Q176376	Zizurkil	20028
Q176025	Deba	20029
Q176076	Eibar	20030
Q176439	Elduain	20031
Q175985	Elgoibar	20032
Q176642	Elgeta	20033
Q176681	Eskoriatza	20034
Q176105	Hondarribia	20036
Q176427	Gaintza	20037
Q176414	Gabiria	20038
Q176059	Hernani	20040
Q176035	Hernialde	20041
Q176404	Ibarra	20042
Q176374	Idiazabal	20043
Q176036	Ikaztegieta	20044
Q176098	Irun	20045
Q176409	Irura	20046
Q176400	Itsasondo	20047
Q176377	Larraul	20048
Q176897	Lazkao	20049
Q176071	Leaburu	20050
Q176920	Legazpi	20051
Q176013	Lezo	20053
Q175987	Lizartza	20054
Q176064	Mutriku	20056
Q176434	Olaberria	20058
Q175978	Oñati	20059
Q176378	Orexa	20060
Q176382	Orio	20061
Q176609	Ormaiztegi	20062
Q176670	Oiartzun	20063
Q176056	Pasaia	20064
Q176157	Soraluze-Placencia de las Armas	20065
Q176392	Errezil	20066
Q176031	Errenteria	20067
Q176634	Leintz Gatzaga	20068
Q176023	Segura	20070
Q176384	Tolosa	20071
Q177565	Urnieta	20072
Q176037	Usurbil	20073
Q176657	Bergara	20074
Q176052	Villabona	20075
Q176569	Ordizia	20076
Q176899	Urretxu	20077
Q176428	Zaldibia	20078
Q176902	Zumarraga	20080
Q176408	Zumaia	20081
Q176107	Goyaz	20507
Q176159	Mendaro	20901
Q177583	Lasarte-Oria	20902
Q176403	Astigarraga	20903
Q175999	Baliarrain	20904
Q176412	Orendain	20905
Q176445	Altzaga	20906
Q176044	Gaztelu	20907
Q175899	Abaurrepea/Abaurrea Baja	31004
Q175683	Altsasu – Alsasua	31010
Q175746	Allín-Allin	31011
Q175744	Allo	31012
Q175907	Andosilla	31015
Q175835	Añorbe	31018
Q175791	Aoiz-Agoitz	31019
Q175928	Arano	31024
Q175830	Arakil	31025
Q175720	Arbizu	31027
Q175944	Los Arcos	31029
Q175921	Arellano	31030
Q175766	Areso	31031
Q175839	Arguedas	31032
Q175789	Aribe	31034
Q175964	Armañanzas	31035
Q175721	Arróniz	31036
Q176386	Ataun	20015
Q176893	Ezkio-Itsaso	20035
Q177458	Itsaso	20035
Q177472	Ezkio	20035
Q176394	Getaria	20039
Q176381	Mutiloa	20057
Q176401	San Sebastián	20069
Q175749	Abáigar	31001
Q175748	Abaurregaina/Abaurrea Alta	31003
Q175784	Aranarache/Aranaratxe	31021
Q175853	Artazu	31039
Q175770	Cortes	31078
Q175886	Erroibar	31092
Q175825	Ezkurra	31102
Q175738	Huarte	31122
Q175953	Irañeta	31127
Q175920	Juslapeña/Txulapain	31136
Q175897	Lerga	31151
Q175771	Lerín	31152
Q175813	Murillo El Cuende	31178
Q175686	Orísoain	31197
Q175908	San Adrián	31215
Q175965	Tafalla	31227
Q175774	Valle de Yerri / Deierri	31260
Q176656	Abadiño	48001
Q176929	Abanto y Ciérvana-Abanto Zierbena	48002
Q176672	Amorebieta-Etxano	48003
Q176437	Amoroto	48004
Q176898	Arakaldo	48005
Q176048	Arantzazu	48006
Q176410	Munitibar-Arbatzegi Gerrikaitz	48007
Q176141	Artzentales	48008
Q176532	Arrankudiaga	48009
Q176655	Arrieta	48010
Q176081	Bakio	48012
Q176731	Barrika	48014
Q176618	Basauri	48015
Q176878	Berango	48016
Q176375	Bermeo	48017
Q176405	Berriatua	48018
Q176654	Berriz	48019
Q176112	Bilbao	48020
Q176423	Busturia	48021
Q176869	Arteaga	48023
Q176583	Zeanuri	48024
Q176570	Zeberio	48025
Q176528	Dima	48026
Q176006	Ea	48028
Q176807	Etxebarri	48029
Q176425	Etxebarria	48030
Q176636	Fruiz	48035
Q176154	Galdames	48037
Q176723	Gamiz-Fika	48038
Q176694	Garai	48039
Q176645	Gatika	48040
Q176426	Gautegiz Arteaga	48041
Q176145	Gordexola	48042
Q176638	Gorliz	48043
Q176140	Güeñes	48045
Q176444	Guernica	48046
Q176393	Gizaburuaga	48047
Q176067	Ibarrangelu	48048
Q176632	Izurtza	48050
Q176554	Larrabetzu	48052
Q176728	Laukiz	48053
Q176573	Leioa	48054
Q176686	Lemoiz	48056
Q176054	Lekeitio	48057
Q176741	Mallabia	48058
Q176679	Mañaria	48059
Q176380	Markina-Xemein	48060
Q176389	Mendata	48062
Q176429	Mendexa	48063
Q176650	Meñaka	48064
Q176422	Morga	48066
Q176714	Mungia	48069
Q176399	Aulesti	48070
Q176538	Muskiz	48071
Q175981	Orduña-Urduña	48074
Q176062	Orozko	48075
Q176430	Sukarrieta	48076
Q176689	Plentzia	48077
Q176395	Errigoiti	48079
Q176839	Valle de Trápaga-Trapagaran	48080
Q176542	Ortuella	48083
Q176721	Sopela	48085
Q176146	Sopuerta	48086
Q176020	Balmaseda	48090
Q176932	Areatza	48093
Q176575	Igorre	48094
Q176711	Zaldibar	48095
Q176152	Zalla	48096
Q176906	Zaratamo	48097
Q176086	Jeméin	48524
Q176599	Zamudio	48905
Q176691	Iurreta	48910
Q176870	Zierbena	48913
Q175753	Arruazu	31037
Q175773	Artajona	31038
Q175750	Atetz	31040
Q175957	Ayegui/Aiegi	31041
Q175818	Azagra	31042
Q175692	Azuelo	31043
Q175848	Bakaiku	31044
Q175700	Barásoain	31045
Q175834	Bargota	31047
Q175777	Barillas	31048
Q175824	Basaburua	31049
Q175952	Baztan	31050
Q175888	Beire	31051
Q175731	Berbinzana	31053
Q175681	Bertizarana	31054
Q175901	Betelu	31055
Q175820	Biurrun-Olcoz	31056
Q175933	Auritz-Burguete	31058
Q175711	Burgui/Burgi	31059
Q175814	Cabanillas	31062
Q175802	Cadreita	31064
Q175849	Cárcar	31066
Q175903	Corella	31077
Q175913	Desojo	31079
Q175891	Donamaria	31081
Q175780	Etxauri	31085
Q175715	Valley of Egüés	31086
Q175783	Elgorriaga	31087
Q175787	Valle de Elorz / Elortzibar	31088
Q175931	Enériz/Eneritz	31089
Q175816	Eratsun	31090
Q175870	Ergoiena	31091
Q175872	Esparza de Salazar/Espartza Zaraitzu	31095
Q175800	Espronceda	31096
Q175894	Estella-Lizarra	31097
Q175927	Esteribar	31098
Q175756	Eulate	31100
Q175719	Ezcabarte	31101
Q175831	Fitero	31105
Q175863	Fontellas	31106
Q175883	Fustiñana	31108
Q175838	Galar	31109
Q175905	Gallipienzo/Galipentzu	31110
Q175797	Garaioa	31112
Q175877	Garde	31113
Q175842	Garínoain	31114
Q175840	Garralda	31115
Q175925	Goizueta	31117
Q175861	Goñi	31118
Q176114	Güesa – Gorza	31119
Q175924	Guesálaz-Gesalatz	31120
Q175812	Guirguillano	31121
Q175747	Uharte Arakil	31123
Q175960	Igúzquiza	31125
Q175823	Ituren	31129
Q175873	Iturmendi	31130
Q175885	Iza	31131
Q176049	Izalzu – Itzaltzu	31133
Q176008	Jaurrieta	31134
Q175841	Beintza-Labaien	31137
Q175947	Lakuntza	31138
Q175716	Lapoblación	31141
Q175827	Larraga	31142
Q175805	Lazagurría	31145
Q175702	Leache/Leatxe	31146
Q175916	Legarda	31147
Q175821	Leitza	31149
Q175810	Leoz	31150
Q175785	Lodosa	31157
Q175940	Lumbier	31159
Q175684	Luquin	31160
Q175776	Mañeru	31161
Q175943	Marañón	31162
Q175713	Marcilla	31163
Q175949	Mélida	31164
Q175956	Mendaza	31166
Q175882	Mendigorria	31167
Q175934	Milagro	31169
Q175846	Mirafuentes	31170
Q175726	Miranda de Arga	31171
Q175796	Morentin	31174
Q175917	Mues	31175
Q175807	Murchante	31176
Q175878	Murieta	31177
Q175874	Murillo El Fruto	31179
Q175938	Navascués/Nabaskoze	31181
Q175762	Nazar	31182
Q175688	Obanos	31183
Q175801	Ochagavía-Otsagabia	31185
Q175845	Oiz	31187
Q175739	Oláibar	31188
Q175757	Olazti/Olazagutía	31189
Q175858	Olejua	31190
Q175911	Olite/Erriberri	31191
Q175862	Olóriz / Oloritz	31192
Q175772	Olza	31193
Q175693	Valley of Ollo	31194
Q175851	Orbaizeta	31195
Q175679	Orbara	31196
Q176021	Oronz-Orontze	31198
Q175966	Oteiza	31200
Q175962	Pamplona	31201
Q175743	Peralta – Azkoien	31202
Q175788	Piedramillera	31204
Q175961	Pitillas	31205
Q175804	Ribaforada	31208
Q175898	Romanzado/Erromantzatua	31209
Q175935	Orreaga-Roncesvalles	31211
Q175896	Sada	31212
Q175844	Saldias	31213
Q175948	Sangüesa/Zangoza	31216
Q175781	Sansol	31219
Q175847	Santacara	31220
Q175727	Doneztebe/Santesteban	31221
Q175808	Sartaguda	31223
Q175837	Sesma	31224
Q175763	Sorlada	31225
Q175932	Sunbilla	31226
Q175951	Tiebas-Muruarte de Reta	31228
Q175730	Tirapu	31229
Q175954	Tudela	31232
Q175764	Urdiain	31240
Q175829	Urraúl Alto	31241
Q175819	Urraúl Bajo	31242
Q175717	Urroz	31244
Q175708	Uterga	31246
Q175710	Uztárroz – Uztarroze	31247
Q175892	Luzaide/Valcarlos	31248
Q175867	Valtierra	31249
Q175900	Bera	31250
Q175895	Viana	31251
Q175737	Vidángoz – Bidankoze	31252
Q175854	Bidaurreta	31253
Q175959	Hiriberri/Villanueva de Aezkoa	31256
Q175914	Villava/Atarrabia	31258
Q175850	Igantzi	31259
Q175729	Yesa	31261
Q175918	Zabalza/Zabaltza	31262
Q175741	Zugarramurdi	31264
Q175910	Zúñiga	31265
Q175902	Barañáin	31901
Q175701	Berriozar	31903
Q175915	Irurtzun	31904
Q175889	Beriáin	31905
Q175859	Orkoien	31906
Q175754	Zizur Mayor/Zizur Nagusia	31907
Q176579	Arrigorriaga	48011
Q176050	Barakaldo	48013
Q176133	Karrantza Harana / Valle de Carranza	48022
Q11297	Durango	48027
Q176419	Elantxobe	48031
Q176729	Elorrio	48032
Q176407	Ereño	48033
Q175970	Galdakao	48036
Q175969	Getxo	48044
Q176144	Lanestosa	48051
Q176849	Ugao-Miraballes	48065
Q176411	Muxika	48067
Q176417	Mundaka	48068
Q176743	Otxandio	48072
Q176914	Lezama	48081
Q176015	Santurtzi	48082
Q176047	Sestao	48084
Q176139	Trucíos-Turtzioz	48087
Q176836	Bedia	48092
Q176820	Loiu	48903
Q176826	Usansolo	48916
Q175676	Belascoáin	31052
Q175680	Cintruénigo	31072
Q175673	Unzué/Untzue	31238
Q175685	Caparroso	31065
Q175695	Zubieta	31263
Q175705	Améscoa Baja	31013
Q175697	Eslava	31094
Q175703	Legaria	31148
Q175699	Oroz-Betelu/Orotz-Betelu	31199
Q175707	Anue	31017
Q175709	Dicastillo	31080
Q175722	Abárzuza-Abartzuza	31002
Q175723	Aranguren	31023
Q175725	Cendea de Cizur	31076
Q175718	Villatuerta	31257
Q175735	Lesaka	31153
Q175736	Petilla de Aragón	31203
Q175728	San Martín de Unx	31217
Q175733	Urdazubi/Urdax	31239
Q175740	Cabredo	31063
Q175742	Pueyo/Puiu	31207
Q175752	Ancín – Antzin	31014
Q175751	Castillonuevo	31071
Q175745	Unciti	31237
Q175760	Ciriza-Ziritza	31075
Q175759	Ezcároz – Ezkaroze	31093
Q175758	Ezprogui	31103
Q175755	Falces	31104
Q175767	Aberin	31005
Q175769	Aguilar de Codés	31008
Q175768	Oco	31184
Q175779	Aibar/Oibar	31009
Q175778	Aras	31026
Q175775	Ukar/Úcar	31234
Q175782	Cascante	31068
Q175790	Ibargoiti	31124
Q175795	Aria	31033
Q175792	Javier	31135
Q175794	Villafranca	31254
Q175798	Araitz	31020
Q175806	Etayo	31099
Q175803	Monteagudo	31173
Q175799	Urzainqui-Urzainki	31245
Q175817	Arantza	31022
Q175809	Cáseda	31069
Q175811	Funes	31107
Q175815	Larraun	31144
Q175822	Berrioplano/Berriobeiti	31902
Q175826	Barbarin	31046
Q175832	Itzagaondoa	31132
Q175828	Lana	31139
Q175833	Lizoain-Arriasgoiti/Lizoainibar-Arriasgoiti	31156
Q175843	Lezaun	31154
Q175865	Ziordia	31073
Q175864	Imotz	31126
Q175866	Mendavia	31165
Q175868	Monreal	31172
Q175856	Etxarri Aranatz	31084
Q175857	Genevilla	31116
Q175852	Metauten	31168
Q175855	Salinas de Oro/Jaitz	31214
Q175871	Carcastillo	31067
Q175875	Lantz	31140
Q175869	Larraona	31143
Q175881	Castejón	31070
Q175880	Liédena	31155
Q175884	Sarriés – Sartze	31222
Q175876	Urroz-Villa	31243
Q175879	Lekunberri	31908
Q175887	Buñuel	31057
Q175893	Cirauqui	31074
Q175890	Villamayor de Monjardín	31255
Q175906	Adiós	31007
Q175909	Etxalar	31082
Q175904	Puente La Reina – Gares	31206
Q175912	Ansoáin-Antsoain	31016
Q175919	Echarri/Etxarri	31083
Q175922	Isaba-Izaba	31128
Q175923	Roncal – Erronkari	31210
Q175930	Ablitas	31006
Q175937	Muruzábal	31180
Q175936	Torres del Río	31231
Q175941	El Busto	31061
Q175945	Odieta	31186
Q175942	Tulebras	31233
Q175946	Ujué/Uxue	31235
Q175939	Ultzama	31236
Q175950	Arce/Artzi	31028
Q175955	Burlada/Burlata	31060
Q175958	Torralba del Río	31230
Q175989	Berantevilla	01014
Q175995	Agurain/Salvatierra	01051
Q175996	La Puebla de Arganzón	09276
Q176012	Alegría/Dulantzi	01001
Q176019	Condado de Treviño	09109
Q176022	Ubide	48088
Q176033	Leza	01034
Q176043	Valdegovía/Gaubea	01055
Q176053	Laguardia - Guardia	01031
Q176074	Q176074	01035
Q176070	Gallués/Galoze	31111
Q176078	Lónguida – Longida	31158
Q176090	Navaridas	01041
Q176091	Añana	01049
Q176115	Samaniego	01052
Q176116	Iruña de Oca/Iruña Oka	01901
Q175983	Zuia	01063
Q176000	Baños de Ebro	01011
Q176004	Barrundia	01013
Q176027	Aramaio	01003
Q176017	Ondarroa	48073
Q176029	Zigoitia	01018
Q176039	Erandio	48902
Q176072	Laudio/Llodio	01036
Q176092	Okondo	01042
Q176057	Ispaster	48049
Q176108	Peñacerrada-Urizaharra	01044
Q176138	Urkabustaiz	01054
Q176142	Legutio	01058
Q176151	Arratzua-Ubarrundia	01008
Q176373	Kortezubi	48907
Q176391	Zarautz	20079
Q176390	Nabarniz	48909
Q176387	Ajangiz	48911
Q176416	Murueta	48908
Q176442	Legorreta	20052
Q176443	Forua	48906
Q176530	Lagrán	01030
Q176531	Arraia-Maeztu	01037
Q176535	Harana/Valle de Arana	01056
Q176547	Bernedo	01016
Q176552	Campezo/Kanpezu	01017
Q176572	Ayala-Aiara	01010
Q176577	Alonsotegi	48912
Q176594	Artziniega	01004
Q176600	Portugalete	48078
Q176606	Derio	48901
Q176614	Amurrio	01002
Q176620	Ermua	48034
Q176628	Asparrena	01009
Q176629	Iruraiz-Gauna	01027
Q176637	San Millán-Donemiliaga	01053
Q176651	Kuartango	01020
Q176644	Elburgo/Burgelu	01021
Q176649	Atxondo	48091
Q176660	Yécora/Iekora	01060
Q176662	Elvillar/Bilar	01023
Q176664	Lanciego/Lantziego	01032
Q176666	Zambrana	01062
Q176675	Ribera Alta/Erriberagoitia	01046
Q176678	Ribera Baja/Erribera Beitia	01047
Q176685	Zalduondo	01061
Q176682	Maruri-Jatabe	48061
Q176696	Lantarón	01902
Q176697	Arrasate/Mondragón	20055
Q176700	Armiñón	01006
Q176706	Kripan	01019
Q176702	Labastida	01028
Q176703	Lapuebla de Labarca	01033
Q43966	Vitoria-Gasteiz	01059
Q176719	Oyón-Oion	01043
Q176716	Urduliz	48089
Q176725	Elciego	01022
Q176734	Moreda de Álava/Moreda Araba	01039
Q176742	Villabuena de Álava/Eskuernaga	01057
Q176830	Sondika	48904
Q176909	Lemoa	48055
